t,phase,side,gt_x,gt_y,gt_z,est_x,est_y,est_z,vest_x,vest_y,vest_z,wr_l_x,wr_l_y,wr_l_z,wr_r_x,wr_r_y,wr_r_z,n_obs,d_env_min,d_arms_min,welded
0.0,WAIT,,0.34,-0.25,-0.16269999999999996,nan,nan,nan,nan,nan,nan,0.24999758202706654,0.24999929987950417,0.10000470039323829,0.2499975822343811,-0.24999929984557523,0.10000470046460752,772,0.1724942414234758,0.30699325413882134,0
0.05,WAIT,,0.34,-0.25,-0.16292725765112503,nan,nan,nan,nan,nan,nan,0.24998935258452656,0.2500274624216915,0.0999814458226314,0.2499889734379427,-0.2500276622663482,0.09998135686580374,772,0.1724937639571572,0.306993215366098,0
0.1,WAIT,,0.34,-0.25,-0.16298067151651752,0.34196371627810246,-0.2526854646799073,-0.15673411184122987,0.0,0.0,0.0,0.24996299476691333,0.2499409468591783,0.09997169951792947,0.24996163571812482,-0.24994117878857386,0.09997067914387886,888,0.1724933480277489,0.3069931792343734,0
0.15,WAIT,,0.34,-0.25,-0.16298163614214134,0.3428561147016177,-0.25405084666250993,-0.1593450029647538,0.0051225067681426265,-0.007837506502343747,-0.01498692411227316,0.24996773376728273,0.2498918662135385,0.09997883246070777,0.24996681908344315,-0.24989202697137666,0.09997783563891019,887,0.24643364628483294,0.3069931455906256,0
0.2,WAIT,,0.34,-0.25,-0.16298140149329776,0.34311224004002483,-0.2544427219876271,-0.16009434917036747,0.0051225067681426265,-0.007837506502343747,-0.01498692411227316,0.24999041214561757,0.24992265748598358,0.09998823345712757,0.24998978272560013,-0.2499229225838026,0.09998750720566975,941,0.2483633154746191,0.3069931142862911,0
0.25,APPROACH,right,0.34,-0.25,-0.16298139078710683,0.3419434774689298,-0.25313578523815117,-0.1572407155030037,-0.0009160253631050937,-0.0006381112173023725,0.000282143430601102,0.25000804172174895,0.24997706582873486,0.10000490499782193,0.2500075312659954,-0.2499774679937866,0.10000439305100542,941,0.248364514913344,0.3069930851779742,0
0.3,APPROACH,right,0.34,-0.25,-0.16298139166301517,0.34216381345232716,-0.25346495638054367,-0.1577666247201976,0.00010925015356139448,-0.0017833064912056722,-0.0017982326863359827,0.249875499452303,0.25016718326973364,0.09993678736373912,0.2513741848380591,-0.25188138536685767,0.09599123028734849,984,0.24875944845046621,0.3069927558907001,0
0.35,APPROACH,right,0.34,-0.25,-0.16298139173781645,0.34223764439568627,-0.2530406951802275,-0.15756664985514235,0.00034921370438442846,1.8748079280218096e-05,-0.0007807720258427016,0.25028402023292107,0.24990029438205133,0.10002153746961379,0.25287999180097004,-0.2578337295183096,0.0883592047841293,1011,0.2377376040038287,0.30699227542553953,0
0.4,APPROACH,right,0.34,-0.25,-0.16298139173543658,0.34225510508090545,-0.2530397577762635,-0.15760568845643447,0.00034921370438442846,1.8748079280218096e-05,-0.0007807720258427016,0.2507254103616472,0.24948083331191215,0.10038552361487087,0.2534069942056073,-0.2670953831922645,0.08007451521979689,1039,0.23479649917555478,0.30699168212299377,0
0.45,APPROACH,right,0.34,-0.25,-0.16298139173500958,0.34211245237525045,-0.2530142003560942,-0.15733109039919307,-9.601421126364e-05,8.72090520848167e-05,9.135862473717458e-05,0.2505609319092161,0.249506498857067,0.10059912304907027,0.25314264089511723,-0.277555898135301,0.07296640948295692,1039,0.22774751096804907,0.3069910063696095,0
0.5,APPROACH,right,0.34,-0.25,-0.16298139173501036,0.34129747898037743,-0.25369134898122686,-0.15795074017695013,-0.0022157608079556696,-0.0016959003715292427,-0.0015418528990035242,0.24987714362404315,0.25008374657163657,0.10028792462823437,0.2526422868463659,-0.2873686376650323,0.06744695102721028,1061,0.2212962395433939,0.30699029202011907,0
0.55,APPROACH,right,0.34,-0.25,-0.16298139173501225,0.3405697929583935,-0.2545746436024532,-0.15922541762354792,-0.0037532669836475574,-0.003686015604529751,-0.004526615507099383,0.2491703046678318,0.25082004439006633,0.09960077218999339,0.25219894982076185,-0.29552342843571555,0.06303938040533205,1088,0.21496235186400364,0.3069896112781446,0
0.6,APPROACH,right,0.34,-0.25,-0.16298139173501225,0.33983108938064194,-0.25434887709436566,-0.1592170999033395,-0.005079830911900177,-0.002698827292986352,-0.00396172711257806,0.2488535434857586,0.2512261949229157,0.09902393097391295,0.2518240435673887,-0.30172721496334853,0.05902107022749809,1104,0.20869753189521434,0.3069889390847122,0
0.65,APPROACH,right,0.34,-0.25,-0.16298139173501225,0.3395770978350469,-0.25448381845901497,-0.1594151862589684,-0.005079830911900177,-0.002698827292986352,-0.00396172711257806,0.24907287555850258,0.251043065585609,0.0989464204115159,0.2513628647329745,-0.3060351217402259,0.055109226597042704,1104,0.2043067826745678,0.3069883225959347,0
0.7,APPROACH,right,0.34,-0.25,-0.16298139173501225,0.3394233351193436,-0.2542391577536088,-0.15985544819069852,-0.004868237497597282,-0.0018974481073139227,-0.004472984772309345,0.24965536552924789,0.25039966121351015,0.09939404652045701,0.2508547918531942,-0.3086941353486431,0.051308382689613186,1125,0.20203693704446068,0.30698770863186886,0
0.75,APPROACH,right,0.34,-0.25,-0.16298139173501225,0.33953142157942284,-0.2540608007081452,-0.1604352216890448,-0.00412936718118203,-0.0013231036205565224,-0.005221579056549827,0.2503242183345143,0.24962937351946987,0.10008949463292133,0.2504679471559068,-0.31011867138232124,0.04774006203470521,1136,0.2000128466153966,0.3069870882541229,0
0.8,APPROACH,right,0.34,-0.25,-0.16298139173501225,0.3394539420129565,-0.25407518700543963,-0.1607981932484497,-0.0038559699901472098,-0.0012133772861113489,-0.005437544737486375,0.25084581511001774,0.24905145042735505,0.1006972356988594,0.250343860080534,-0.31082845224113087,0.044535797626255466,1149,0.1957511479025888,0.306986433254799,0
0.85,APPROACH,right,0.34,-0.25,-0.16298139173501225,0.33926114351344916,-0.2541358558697452,-0.16107007048532404,-0.0038559699901472098,-0.0012133772861113489,-0.005437544737486375,0.25099517709993535,0.2489236026049625,0.10093874470323096,0.24999345824288532,-0.30929667829525725,0.041324413031650895,1149,0.1938716519715334,0.30698476803780167,0
0.9,APPROACH,right,0.34,-0.25,-0.16298139173501225,0.33920056017096145,-0.2541518427531214,-0.16075381915468806,-0.003598144696025796,-0.0011262454841703645,-0.0042906685069723635,0.2510981674636243,0.24895096367719344,0.10092297649350386,0.24923501442136345,-0.3084971707406415,0.03869978128537762,1163,0.19131342188292427,0.3069825511233133,0
0.95,APPROACH,right,0.34,-0.25,-0.16298139173501225,0.3393913094872939,-0.254316367654507,-0.16070675955380348,-0.002856812731958433,-0.0013426762451988945,-0.0037674691426804316,0.2509714663992307,0.2491686392429716,0.10079267185582204,0.24890302746210125,-0.31030739068579366,0.037086003881839066,1168,0.19275385950223545,0.3069803347117506,0
1.0,APPROACH,right,0.34,-0.25,-0.16298139173501225,0.3394806157701897,-0.2545433042497986,-0.16013687409690913,-0.002377780368887579,-0.0016724273568996537,-0.002202811036517368,0.25045778586307227,0.24967630555739825,0.100475943659993,0.2494967442518667,-0.3140338258024853,0.03643129287215195,1174,0.18481938150050264,0.3069782099129979,0
1.05,APPROACH,right,0.34,-0.25,-0.16298139173501225,0.33936172675174525,-0.25462692561764355,-0.160247014648735,-0.002377780368887579,-0.0016724273568996537,-0.002202811036517368,0.24980410306851664,0.25030097310261806,0.09997089448365436,0.2507348058223869,-0.31846798005975796,0.03656469652604597,1174,0.18393772639688916,0.3069763931856311,0
1.1,APPROACH,right,0.34,-0.25,-0.16298139173501225,0.339361507921437,-0.25527223092702345,-0.16008327609012704,-0.00214859942710538,-0.0027571754029487297,-0.001673883987107854,0.24925513929372697,0.25082244922990016,0.09944460688758554,0.2521583449205021,-0.32243510889414795,0.03700246086517933,1183,0.18770733874176898,0.30697482730014436,0
1.15,APPROACH,right,0.34,-0.25,-0.16298139173501225,0.3394707127757037,-0.2564022688960993,-0.1597550845718502,-0.0017156443229741818,-0.0047400931870841285,-0.000850710597254041,0.24898865367130082,0.25104992789433606,0.09910715731636477,0.25332608538152473,-0.32524144548356787,0.037203157715623575,1189,0.18647806121391203,0.30697348016232506,0
1.2,APPROACH,right,0.34,-0.25,-0.16298139173501225,0.3394821497489924,-0.2575497396051249,-0.15994821339795884,-0.0015142923458513395,-0.006625771727147589,-0.0011626064083179602,0.2490528214543249,0.2509271152802582,0.09908123289355195,0.253944318661111,-0.32666330534386573,0.03683919994733781,1193,0.18390295541430662,0.3069722863170386,0
1.25,APPROACH,right,0.34,-0.25,-0.16298139173501225,0.3394064351316998,-0.2578810281914823,-0.16000634371837474,-0.0015142923458513395,-0.006625771727147589,-0.0011626064083179602,0.2493667760214503,0.2505498080749904,0.0993397475267525,0.2539444477615015,-0.32686912924019035,0.03580780508559939,1193,0.18202934781184998,0.30697113258174,0
1.3,APPROACH,right,0.34,-0.25,-0.16298139173501225,0.33931210992083727,-0.2590308169979219,-0.16020342018632813,-0.0015503946374376698,-0.008213562761205167,-0.00143214506189915,0.24981159281436005,0.25007086641082243,0.0997576924932062,0.253439260802821,-0.3263566173183118,0.034321939063307313,1197,0.18046280309453172,0.30697016570766433,0
1.35,APPROACH,right,0.34,-0.25,-0.16298139173501225,0.3393818806946213,-0.25998799969390995,-0.16030637920223761,-0.001254910775281167,-0.009309921801752335,-0.001495040765329569,0.2502163771705671,0.24967615679648578,0.10016986787081407,0.25265001647290625,-0.32561416163360757,0.0326398159752125,1202,0.17725565600972026,0.3069692430604074,0
1.4,APPROACH,right,0.34,-0.25,-0.16298139173501225,0.3396647764406039,-0.26071109843768814,-0.16002924311687108,-0.000537470639557355,-0.009844622055982846,-0.0007646342012991711,0.2504850929564049,0.24946411400913016,0.10044946676606084,0.25181554172056453,-0.3251672449701701,0.031045273149186578,1200,0.178006466005723,0.3069683629465619,0
1.45,APPROACH,right,0.34,-0.25,-0.16298139173501225,0.33963790290862605,-0.26120332954048725,-0.16006747482693606,-0.000537470639557355,-0.009844622055982846,-0.0007646342012991711,0.25058052204320935,0.24944931150644514,0.10054931333263123,0.2511623544500702,-0.3254013475382462,0.029798364158316715,1200,0.176361886306171,0.3069675727072639,0
1.5,APPROACH,right,0.34,-0.25,-0.16298139173501225,0.3391597368017537,-0.26160234937219207,-0.15950001901730793,-0.0014131816716771576,-0.009663750171630842,0.0004106726229634685,0.25050728989348137,0.2495914934619411,0.10048388336883363,0.2508385917804836,-0.32642331902641775,0.029031091269794945,1206,0.1739262962498342,0.30696689867175553,0
1.55,APPROACH,right,0.34,-0.25,-0.16298139173501225,0.33841236795837865,-0.2625165368253498,-0.16018859388133327,-0.002768968136541971,-0.01052725758047079,-0.001010024634563304,0.2503403129647452,0.249793698135792,0.10031684480905431,0.25084294989017814,-0.32811767276460546,0.028844718273481593,1207,0.17133290240066795,0.30696656482196266,0
1.6,APPROACH,right,0.34,-0.25,-0.16298139173501225,0.3367430000235724,-0.2638513910322215,-0.1605756453524883,-0.005938234393995538,-0.012200973434219942,-0.0017067414105009318,0.2501089145039837,0.2500102731711083,0.10010711141712517,0.25111939231321523,-0.33014058481863756,0.02901436380790539,1210,0.16942141605477778,0.3069662808757887,0
1.65,APPROACH,right,0.34,-0.25,-0.16298139173501225,0.33644608830387257,-0.2644614397039325,-0.16066098242301335,-0.005938234393995538,-0.012200973434219942,-0.0017067414105009318,0.24993228439864743,0.2501440682874415,0.09992378979327218,0.2514283236115033,-0.33223660796163546,0.029349334409410024,1212,0.16598743862846027,0.30696629332333325,0
1.7,APPROACH,right,0.34,-0.25,-0.16298139173501225,0.3341127992493701,-0.26587765905614075,-0.16096122574414448,-0.009876602307779644,-0.013760113131387957,-0.0021223715922916737,0.24982441760990212,0.2501903775615638,0.09981802020643903,0.25163094746102943,-0.3341589658224128,0.029650575885802086,1212,0.16470135016610343,0.3069663444703168,0
1.75,APPROACH,right,0.34,-0.25,-0.16298139173501225,0.3320772618500899,-0.26729664435806844,-0.16075015862716566,-0.012953168363850789,-0.015218825292954836,-0.00148940918898282,0.24980727708553377,0.25015112315600546,0.09979882878911032,0.2515189410329933,-0.3357335535215089,0.029827433867676924,1214,0.16477524065833649,0.30696680089739004,0
1.8,APPROACH,right,0.34,-0.25,-0.16298139173501225,0.33142960343189737,-0.2680575856227162,-0.1608246290866148,-0.012953168363850789,-0.015218825292954836,-0.00148940918898282,0.24985674163019936,0.25006680498554174,0.09985146415224767,0.25092433211235365,-0.33691922523161044,0.02985217739527856,1216,0.16217270712702975,0.3069676047015731,0
1.85,APPROACH,right,0.34,-0.25,-0.16298139173501225,0.3307819450137048,-0.2688185268873639,-0.16089909954606393,-0.012953168363850789,-0.015218825292954836,-0.00148940918898282,0.24988666615401417,0.25002476162623166,0.09991820155652223,0.24990657272759864,-0.3377783992690706,0.029607620596882364,1218,0.16199496827269494,0.30696836664303256,0
1.9,APPROACH,right,0.34,-0.25,-0.16298139173501225,0.33013428659551225,-0.26957946815201167,-0.16097357000551307,-0.012953168363850789,-0.015218825292954836,-0.00148940918898282,0.24989148449516962,0.2500408032307317,0.09994936690928434,0.24856021791914443,-0.3384662528236934,0.02907950621563915,1218,0.16126347272833474,0.30696909005136297,0
1.95,APPROACH,right,0.34,-0.25,-0.16298139173501225,0.3294866281773197,-0.27034040941665943,-0.16104804046496224,-0.012953168363850789,-0.015218825292954836,-0.00148940918898282,0.24989099344913915,0.2500872836326064,0.0999457169324162,0.2469913101700445,-0.33914398282521296,0.02837060673138693,1222,0.15736133224097604,0.30696977803415443,0
2.0,APPROACH,right,0.34,-0.25,-0.16298139173501225,0.3288389697591272,-0.27110135068130714,-0.16112251092441138,-0.012953168363850789,-0.015218825292954836,-0.00148940918898282,0.249895460071033,0.2501293617099038,0.09993263533926253,0.2453420735630989,-0.33993180982209736,0.027623133661371563,1223,0.15711927448387913,0.30697043347131003,0
2.05,APPROACH,right,0.34,-0.25,-0.16298139173501225,0.32819131134093465,-0.2718622919459549,-0.16119698138386052,-0.012953168363850789,-0.015218825292954836,-0.00148940918898282,0.24991132463066174,0.2501411240171252,0.09993113912735618,0.24376312654627386,-0.34089553599288336,0.026964138110119898,1224,0.15845356331869753,0.3069710590155204,0
2.1,APPROACH,right,0.34,-0.25,-0.16298139173501225,0.3275436529227421,-0.27262323321060267,-0.16127145184330965,-0.012953168363850789,-0.015218825292954836,-0.00148940918898282,0.24994497371342844,0.2501112756351948,0.09994987207986664,0.2423730585300203,-0.34203544522192253,0.026480610022914505,1224,0.1578761790141618,0.3069716570976931,0
2.15,APPROACH,right,0.34,-0.25,-0.16298139173501225,0.3268959945045496,-0.2733841744752504,-0.1613459223027588,-0.012953168363850789,-0.015218825292954836,-0.00148940918898282,0.24999751878232593,0.25004436342770403,0.0999880179208144,0.24123884179781205,-0.34330006783613387,0.026204892415977475,1224,0.15712378988669273,0.3069722299360469,0
2.2,APPROACH,right,0.34,-0.25,-0.16298139173501225,0.326248336086357,-0.27414511573989814,-0.16142039276220793,-0.012953168363850789,-0.015218825292954836,-0.00148940918898282,0.2500624479990995,0.24995676530731267,0.10003899127983865,0.24036794635974215,-0.34460665788273825,0.026119830748242596,1228,0.15602568014167206,0.3069727795477044,0
2.25,APPROACH,right,0.34,-0.25,-0.16298139173501225,0.3256006776681645,-0.27490605700454585,-0.16149486322165707,-0.012953168363850789,-0.015218825292954836,-0.00148940918898282,0.2501267185361997,0.24987099461893217,0.10009245026277727,0.2397178105972952,-0.34586604577097974,0.026172834326614654,1230,0.15509852317645278,0.30697330776180426,0
2.3,APPROACH,right,0.34,-0.25,-0.16298139173501225,0.32495301924997194,-0.2756669982691936,-0.1615693336811062,-0.012953168363850789,-0.015218825292954836,-0.00148940918898282,0.2501747521855353,0.24980922862991192,0.100135940505375,0.2392150994476007,-0.3470043697382536,0.026294670755621516,1230,0.15470493987009548,0.3069738162333714,0
2.35,APPROACH,right,0.34,-0.25,-0.16298139173501225,0.3243053608317794,-0.27642793953384137,-0.16164380414055535,-0.012953168363850789,-0.015218825292954836,-0.00148940918898282,0.25019303622064254,0.24978760492552565,0.10015760389556555,0.23877854292246273,-0.3479806417807009,0.026417436109081725,1229,0.15254033248370474,0.3069743064573704,0
2.4,APPROACH,right,0.34,-0.25,-0.16298139173501225,0.3236577024135869,-0.2771888807984891,-0.16171827460000449,-0.012953168363850789,-0.015218825292954836,-0.00148940918898282,0.2501746553746388,0.24981182423611786,0.10014970219491234,0.23833552497742005,-0.34879098534739406,0.026490741597797234,1233,0.15124967531152433,0.3069747797825236,0
2.45,APPROACH,right,0.34,-0.25,-0.16298139173501225,0.32301004399539435,-0.27794982206313684,-0.16179274505945362,-0.012953168363850789,-0.015218825292954836,-0.00148940918898282,0.25012125423466824,0.2498761456055835,0.1001114251356228,0.23783488488026625,-0.34946546148372387,0.026488055569387783,1236,0.15266038742347743,0.30697523742460997,0
2.5,APPROACH,right,0.34,-0.25,-0.16298139173501225,0.3223623855772018,-0.27871076332778455,-0.16186721551890276,-0.012953168363850789,-0.015218825292954836,-0.00148940918898282,0.2500429112660929,0.2499652962151775,0.10004958822117407,0.23725129756891727,-0.350057861882982,0.026406602640109647,1236,0.15241982849404584,0.3069756804790548,0
2.55,APPROACH,right,0.34,-0.25,-0.16298139173501225,0.32171472715900923,-0.2794717045924323,-0.16194168597835193,-0.012953168363850789,-0.015218825292954836,-0.00148940918898282,0.24995579804712478,0.25005875560243324,0.0999770784860539,0.2365829196574779,-0.350631260277934,0.026262220939952,1236,0.15404318686912216,0.30697610993269736,0
2.6,APPROACH,right,0.34,-0.25,-0.16298139173501225,0.3210670687408167,-0.2802326458570801,-0.16201615643780107,-0.012953168363850789,-0.015218825292954836,-0.00148940918898282,0.24987818476386983,0.2501361465708044,0.09990954047470957,0.23584498414856153,-0.3512430925304396,0.026081061176703564,1240,0.14542084958193247,0.30697652667468517,0
2.65,APPROACH,right,0.34,-0.25,-0.16298139173501225,0.32041941032262417,-0.2809935871217278,-0.1620906268972502,-0.012953168363850789,-0.015218825292954836,-0.00148940918898282,0.24982592078529692,0.25018220002427166,0.09986136974590763,0.2350622288676775,-0.3519341168009714,0.025890454364523766,1240,0.1467483752308838,0.3069769315064775,0
2.7,DESCEND,right,0.34,-0.25,-0.16298139173501225,0.31977175190443163,-0.28175452838637555,-0.16216509735669934,-0.012953168363850789,-0.015218825292954836,-0.00148940918898282,0.2498088410333103,0.25018984339779743,0.09984216894285772,0.2342602008121972,-0.3527220793661581,0.025713332962097497,1240,0.1466005117715668,0.30697732515096976,0
2.75,DESCEND,right,0.34,-0.25,-0.16298139173501225,0.3191240934862391,-0.28251546965102325,-0.16223956781614848,-0.012953168363850789,-0.015218825292954836,-0.00148940918898282,0.24982889955687967,0.25016084852181275,0.09985479993730845,0.23345993347392488,-0.35359953858311954,0.02556327312477181,1240,0.14563895420235212,0.30697770826077897,0
2.8,DESCEND,right,0.34,-0.25,-0.16298139173501225,0.31847643506804657,-0.283276410915671,-0.16231403827559762,-0.012953168363850789,-0.015218825292954836,-0.00148940918898282,0.2494723297805127,0.250463747331927,0.09967843495273572,0.23331833638502292,-0.3555203532574245,0.021024478049770298,1241,0.14003224981672863,0.3069751330734537,0
2.85,DESCEND,right,0.34,-0.25,-0.16298139173501225,0.31782877664985404,-0.2840373521803188,-0.16238850873504676,-0.012953168363850789,-0.015218825292954836,-0.00148940918898282,0.24996575853896094,0.25010481307474947,0.09969376392257845,0.23160449951833628,-0.3591638248326191,0.013531659713930165,1243,0.13298591683100902,0.30697237247271003,0
2.9,DESCEND,right,0.34,-0.25,-0.16298139173501225,0.3171811182316615,-0.2847982934449665,-0.1624629791944959,-0.012953168363850789,-0.015218825292954836,-0.00148940918898282,0.2506408858913517,0.24946242250362172,0.10017135707112446,0.22813259835252298,-0.36305374364514387,0.005630022433768308,1243,0.12805091333287977,0.30696948777259103,0
2.95,DESCEND,right,0.34,-0.25,-0.16298139173501225,0.3165334598134689,-0.28555923470961425,-0.16253744965394504,-0.012953168363850789,-0.015218825292954836,-0.00148940918898282,0.2507808894020044,0.24918743325731887,0.1006372880523114,0.2240759255260041,-0.3661112258779901,-0.0016964727439906131,1242,0.12280732144460153,0.3069665296241718,0
3.0,DESCEND,right,0.34,-0.25,-0.16298139173501225,0.3158858013952764,-0.286320175974262,-0.16261192011339418,-0.012953168363850789,-0.015218825292954836,-0.00148940918898282,0.25044242042858317,0.2494422269957995,0.10063597696701981,0.2202396023215361,-0.3681465653787004,-0.008266123860657072,1243,0.11996560816527811,0.3069635397045135,0
3.05,DESCEND,right,0.34,-0.25,-0.16298139173501225,0.31523814297708386,-0.2870811172389097,-0.16268639057284331,-0.012953168363850789,-0.015218825292954836,-0.00148940918898282,0.2499806867233879,0.24996970866823995,0.1002128559700837,0.21686385146132997,-0.3694690766026377,-0.014095522690096361,1243,0.11800445181359713,0.306960552040214,0
3.1,DESCEND,right,0.34,-0.25,-0.16298139173501225,0.3145904845588913,-0.2878420585035575,-0.16276086103229248,-0.012953168363850789,-0.015218825292954836,-0.00148940918898282,0.2496528305761839,0.2504177802183158,0.09972492898049766,0.2139702307927731,-0.370493444178218,-0.019196394826074895,1243,0.11556316084319183,0.30695759412923407,0
3.15,DESCEND,right,0.34,-0.25,-0.16298139173501225,0.3139428261406988,-0.2886029997682052,-0.16283533149174162,-0.012953168363850789,-0.015218825292954836,-0.00148940918898282,0.2495496274183843,0.2505765221383308,0.09947010290428127,0.21158843072663266,-0.3715273527930327,-0.023555087000720898,1248,0.11542040009649125,0.3069546879155523,0
3.2,DESCEND,right,0.34,-0.25,-0.16298139173501225,0.31329516772250626,-0.28936394103285296,-0.16290980195119076,-0.012953168363850789,-0.015218825292954836,-0.00148940918898282,0.24964788279594058,0.25043941344111925,0.09951747273106427,0.20978466620596692,-0.3727167176007281,-0.027165435772034674,1247,0.11110054964334855,0.30695185063846775,0
3.25,DESCEND,right,0.34,-0.25,-0.16298139173501225,0.31264750930431373,-0.2901248822975007,-0.1629842724106399,-0.012953168363850789,-0.015218825292954836,-0.00148940918898282,0.2498676221981333,0.2501344692348273,0.09976003039299881,0.20858511877621297,-0.3740756902111357,-0.030059285485945105,1247,0.11094522529363564,0.30694909557130656,0
3.3,DESCEND,right,0.34,-0.25,-0.16298139173501225,0.31199985088612114,-0.2908858235621484,-0.16305874287008904,-0.012953168363850789,-0.015218825292954836,-0.00148940918898282,0.2501144738859482,0.249818884965362,0.10004421204889401,0.20791702792561348,-0.37554991907815083,-0.03234050132211465,1247,0.10664473237295104,0.3069464326637094,0
3.35,DESCEND,right,0.34,-0.25,-0.16298139173501225,0.3113521924679286,-0.2916467648267962,-0.16313321332953817,-0.012953168363850789,-0.015218825292954836,-0.00148940918898282,0.25031026204528267,0.24960452233781394,0.10025886649472157,0.20759625344401306,-0.37706424161714436,-0.03415916506800054,1247,0.10587809542055333,0.3069438691020917,0
3.4,DESCEND,right,0.34,-0.25,-0.16298139173501225,0.3107045340497361,-0.29240770609144395,-0.1632076837889873,-0.012953168363850789,-0.015218825292954836,-0.00148940918898282,0.2504078162954449,0.24953545322781404,0.10035881593898059,0.2073876649830179,-0.3785454717111761,-0.03568799531969995,1248,0.10356817396543876,0.30694140980281653,0
3.45,DESCEND,right,0.34,-0.25,-0.16298139173501225,0.31005687563154355,-0.29316864735609166,-0.16328215424843645,-0.012953168363850789,-0.015218825292954836,-0.00148940918898282,0.25039312537253994,0.2496010788030543,0.10034674522905383,0.2070783983584919,-0.37992933418064784,-0.03707641001823013,1249,0.10161291957802902,0.30693905785163456,0
3.5,DESCEND,right,0.34,-0.25,-0.16298139173501225,0.309409217213351,-0.2939295886207394,-0.1633566247078856,-0.012953168363850789,-0.015218825292954836,-0.00148940918898282,0.25028100824951127,0.2497597130581393,0.10024877518810206,0.20653408366317558,-0.38116558779314497,-0.038426486077566324,1250,0.10368426260077833,0.30693681490141084,0
3.55,DESCEND,right,0.34,-0.25,-0.16298139173501225,0.3087615587951585,-0.29469052988538713,-0.16343109516733473,-0.012953168363850789,-0.015218825292954836,-0.00148940918898282,0.2501072950529402,0.24995822720857366,0.10009957282980403,0.2057146680619373,-0.38222793311344977,-0.039784258022587254,1250,0.10330397563327746,0.3069346815380645,0
3.6,DESCEND,right,0.34,-0.25,-0.16298139173501225,0.3081139003769659,-0.2954514711500349,-0.16350556562678387,-0.012953168363850789,-0.015218825292954836,-0.00148940918898282,0.24991914911706464,0.2501447188385233,0.09993678017226981,0.2046572790404853,-0.38312299583613163,-0.04114693701968755,1250,0.10219972948044347,0.3069326576216353,0
3.65,DESCEND,right,0.34,-0.25,-0.16298139173501225,0.30746624195877337,-0.29621241241468266,-0.16358003608623303,-0.012953168363850789,-0.015218825292954836,-0.00148940918898282,0.249763588026785,0.2502773867069924,0.09979751465666421,0.20344395643650443,-0.38389158225560016,-0.04247901774245003,1251,0.09982217455393129,0.3069307426053858,0
3.7,DESCEND,right,0.34,-0.25,-0.16298139173501225,0.30681858354058084,-0.29697335367933037,-0.16365450654568217,-0.012953168363850789,-0.015218825292954836,-0.00148940918898282,0.24967624154958198,0.2503313377362958,0.09971252589778846,0.2021698664899265,-0.38459880274954006,-0.04373075723902878,1252,0.09939173819603371,0.30692893582993636,0
3.75,DESCEND,right,0.33999195773242724,-0.2500045026218751,-0.16298330728486532,0.3061709251223883,-0.29773429494397813,-0.1637289770051313,-0.012953168363850789,-0.015218825292954836,-0.00148940918898282,0.24967295236734185,0.25030267064829187,0.09969898763422834,0.2009226069241006,-0.385314152129915,-0.04485329091526327,1252,0.09904904891976492,0.3069272367821476,0
3.8,DESCEND,right,0.3395410638570215,-0.25034691987683594,-0.16304452386825075,0.3055232667041958,-0.2984952362086259,-0.16380344746458045,-0.012953168363850789,-0.015218825292954836,-0.00148940918898282,0.24971239211844432,0.25023709775813874,0.09974410709346516,0.2000191558346897,-0.3859690396799323,-0.04571984156477846,1253,0.09811614064793332,0.3069256452991355,0
3.85,DESCEND,right,0.3391051261498276,-0.2508595652015108,-0.1630619059499554,0.30487560828600324,-0.2992561774732736,-0.1638779179240296,-0.012953168363850789,-0.015218825292954836,-0.00148940918898282,0.24982156024352725,0.2501268124331127,0.09982604550443988,0.19952043892325189,-0.3866769305510296,-0.04632036241099782,1257,0.09796178210489799,0.3069241616896381,0
3.9,DESCEND,right,0.33876557903668947,-0.25144902586579215,-0.16307319730019387,0.3042279498678107,-0.30001711873792136,-0.16395238838347873,-0.012953168363850789,-0.015218825292954836,-0.00148940918898282,0.2500166804547682,0.2499559695648528,0.09996032421109442,0.19924525339593652,-0.38751884673774,-0.046714018658523315,1259,0.09787035859391137,0.3069227867403722,0
3.95,DESCEND,right,0.3385215076040917,-0.252066603466544,-0.16308096548791406,0.3035802914496182,-0.30077806000256907,-0.16402685884292786,-0.012953168363850789,-0.015218825292954836,-0.00148940918898282,0.2502233487475681,0.24977416358260368,0.10013203734485276,0.19906738292290238,-0.38845248603543475,-0.04696949989517557,1259,0.09783574543121738,0.30692152158106034,0
4.0,DESCEND,right,0.3383061324184052,-0.25268567907886963,-0.1630867639457605,0.3029326330314256,-0.30153900126721683,-0.164101329302377,-0.012953168363850789,-0.015218825292954836,-0.00148940918898282,0.2503650907178745,0.24964803981498956,0.10028154230219136,0.19889160183783158,-0.38940673589459646,-0.047158195076608345,1260,0.0978526152519265,0.3069203674024615,0
4.05,DESCEND,right,0.3380767939662266,-0.2532826317720087,-0.16309294524121998,0.30228497461323306,-0.30229994253186454,-0.16417579976182614,-0.012953168363850789,-0.015218825292954836,-0.00148940918898282,0.25040043739971085,0.24962367301850794,0.10034836061424958,0.19865218010871274,-0.3903048209499804,-0.047337784601212136,1262,0.09396871910175165,0.3069193250579324,0
4.1,DESCEND,right,0.3378049598775207,-0.2538324257379373,-0.1631014373538443,0.30163731619504053,-0.3030608837965123,-0.16425027022127528,-0.012953168363850789,-0.015218825292954836,-0.00148940918898282,0.25032826338219544,0.24970581404113407,0.10030859714104823,0.19831208351489854,-0.39109607712073535,-0.047546070724529405,1263,0.0943803366544262,0.3069183946202191,0
4.15,DESCEND,right,0.33749242603503904,-0.254317307127607,-0.16311247714626687,0.300989657776848,-0.30382182506116007,-0.16432474068072442,-0.012953168363850789,-0.015218825292954836,-0.00148940918898282,0.2501782224156117,0.24986154744369155,0.10018214991929701,0.19786843937818144,-0.39176478085517613,-0.047794403042981895,1263,0.09482739143687792,0.3069175749925097,0
4.2,DESCEND,right,0.33712021078893245,-0.25476373543220426,-0.16312315552101775,0.30034199935865546,-0.3045827663258078,-0.16439921114017358,-0.012953168363850789,-0.015218825292954836,-0.00148940918898282,0.25000122474975406,0.25003501531655037,0.10001757337507018,0.19733443819525773,-0.3923332046047361,-0.048075710318815086,1264,0.09266960588616759,0.3069168636679284,0
4.25,DESCEND,right,0.33671325600520996,-0.25519401728590635,-0.16313557289610237,0.29969434094046293,-0.30534370759045554,-0.16447368159962272,-0.012953168363850789,-0.015218825292954836,-0.00148940918898282,0.24984640797321991,0.25017474821777735,0.09986839845115822,0.19674178094530118,-0.3928426580314469,-0.04836635652026122,1264,0.09321345522706605,0.30691625669122335,0
4.3,DESCEND,right,0.3362829420468,-0.2556421296818795,-0.16314599508493388,0.2990466825222704,-0.30610464885510325,-0.16454815205907186,-0.012953168363850789,-0.015218825292954836,-0.00148940918898282,0.24974939714579372,0.25024878986413424,0.09977263095584207,0.19612866279963453,-0.3933442749604389,-0.048636786181138585,1265,0.09378238988665995,0.30691574881715916,0
4.35,DESCEND,right,0.3358348374986313,-0.2561410988559022,-0.16315496509825667,0.2983990241040778,-0.306865590119751,-0.164622622518521,-0.012953168363850789,-0.015218825292954836,-0.00148940918898282,0.24972674069602863,0.25024879347403134,0.0997464993698567,0.19551862761391195,-0.3938831360425152,-0.04886491979755586,1265,0.09437384884715246,0.30691533381018665,0
4.4,DESCEND,right,0.33537703501495414,-0.25671199409007894,-0.16316251308235108,0.2977513656858853,-0.30762653138439877,-0.16469709297797014,-0.012953168363850789,-0.015218825292954836,-0.00148940918898282,0.2497721491111179,0.25018885005906655,0.09978486322671862,0.19492150775920714,-0.3944895265588428,-0.04903886860954903,1265,0.09498555468320442,0.3069150048074831,0
4.45,DESCEND,right,0.3349120145843718,-0.2573630401492767,-0.16316895048806002,0.29710370726769275,-0.3083874726490465,-0.16477156343741928,-0.012953168363850789,-0.015218825292954836,-0.00148940918898282,0.24986318911106997,0.25009595031931126,0.09986700169810639,0.1943334724276264,-0.3951762311409939,-0.049158107199556114,1267,0.09561549037721666,0.30691475467430085,0
4.5,DESCEND,right,0.33443820682850545,-0.25808946845958186,-0.16317474383820063,0.2964560488495002,-0.30914841391369424,-0.16484603389686842,-0.012953168363850789,-0.015218825292954836,-0.00148940918898282,0.24997041281005494,0.24999950898479498,0.09996533591488647,0.19374255089333972,-0.3959386231110916,-0.04923128099391154,1268,0.0962618758394085,0.3069145763044677,0
4.55,DESCEND,right,0.3339529448500415,-0.258875477567467,-0.1631802328743983,0.2958083904313077,-0.30990935517834195,-0.16492050435631755,-0.012953168363850789,-0.015218825292954836,-0.00148940918898282,0.2500660061218315,0.24992308849571174,0.1000537541084102,0.19313662508232404,-0.39675782805647314,-0.049272047627906795,1268,0.09692314414539709,0.306914462845441,0
4.6,DESCEND,right,0.33345490907218295,-0.2596981590711668,-0.16318554649488415,0.29516073201311516,-0.3106702964429897,-0.1649949748157667,-0.012953168363850789,-0.015218825292954836,-0.00148940918898282,0.25013031547294845,0.24987975653657027,0.10011366904629775,0.19250940665319413,-0.3976062423889018,-0.04929484451830789,1268,0.09759791807132036,0.3069144078475455,0
4.65,DESCEND,right,0.3329452752353126,-0.2605325692882863,-0.16319060356360515,0.2945130735949226,-0.3114312377076375,-0.16506944527521583,-0.012953168363850789,-0.015218825292954836,-0.00148940918898282,0.2501549979383356,0.24987137922383537,0.10013698273726215,0.19186255744790617,-0.39845420246342006,-0.049311714912488355,1268,0.09828498762767045,0.30691440534856806,0
4.7,DESCEND,right,0.3324273675970673,-0.26135627919225857,-0.16319520169237733,0.29386541517673004,-0.31219217897228524,-0.16514391573466497,-0.012953168363850789,-0.015218825292954836,-0.00148940918898282,0.250142679699653,0.2498910149033296,0.10012590076381278,0.19120407663883476,-0.3992762713256751,-0.04933064616353589,1268,0.09898328918312398,0.30691444990901345,0
4.75,DESCEND,right,0.3319053312689902,-0.26215320612517146,-0.16319914794877155,0.2932177567585375,-0.31295312023693295,-0.1652183861941141,-0.012953168363850789,-0.015218825292954836,-0.00148940918898282,0.25010392824098715,0.249927003143175,0.10009023149458762,0.1905445112256952,-0.4000557720052933,-0.049355309255274676,1268,0.09969188649375148,0.3069145366128863,0
4.8,DESCEND,right,0.3313825913999501,-0.2629158268672903,-0.1632023476947041,0.292570098340345,-0.3137140615015807,-0.16529285665356327,-0.012953168363850789,-0.015218825292954836,-0.00148940918898282,0.25005292766150145,0.2499671997920779,0.10004333477542317,0.1898928656359244,-0.40078688284575925,-0.04938577511138512,1270,0.10040995382074529,0.30691466104639575,0
4.85,DESCEND,right,0.3308607590530591,-0.2636456906340628,-0.16320484304953187,0.29192243992215244,-0.3144750027662284,-0.1653673271130124,-0.012953168363850789,-0.015218825292954836,-0.00148940918898282,0.2500032753534443,0.2500021452097811,0.0999980631545811,0.18925369151104543,-0.4014742582742163,-0.049419692341176366,1270,0.09860163968299236,0.30691481926401576,0
4.9,DESCEND,right,0.33033919757059593,-0.26435188790686787,-0.1632067978835423,0.2912747815039599,-0.3152359440308762,-0.16544179757246155,-0.012953168363850789,-0.015218825292954836,-0.00148940918898282,0.24996495484235698,0.2500265632867987,0.09996378413553655,0.1886260676809921,-0.40213065394782144,-0.04945351253619777,1270,0.09927917519668696,0.3069150077483942,0
4.95,DESCEND,right,0.32981537400066124,-0.26504831128790246,-0.1632084489796739,0.2906271230857674,-0.31599688529552394,-0.1655162680319107,-0.012953168363850789,-0.015218825292954836,-0.00148940918898282,0.24994294931721614,0.2500392615403779,0.09994501905614402,0.18800448059531355,-0.4027733125494889,-0.04948349807480465,1273,0.09996543114905614,0.3069152233685147,0
5.0,DESCEND,right,0.3292857202237367,-0.26574992733361774,-0.16321002049479771,0.28997946466757485,-0.31675782656017165,-0.16559073849135983,-0.012953168363850789,-0.015218825292954836,-0.00148940918898282,0.24993742268285282,0.2500419594328439,0.09994164329045514,0.18738110521906165,-0.4034201891079594,-0.049506310945945986,1273,0.10065983542093736,0.3069154633387365,0
5.05,DESCEND,right,0.3287466788856573,-0.26646992053771745,-0.1632116914168199,0.28933180624938226,-0.3175187678248194,-0.16566520895080897,-0.012953168363850789,-0.015218825292954836,-0.00148940918898282,0.24994505154204996,0.2500377022972034,0.09995019406300341,0.18674832195664168,-0.4040863887837493,-0.04951941160678709,1273,0.10136187293011685,0.3069157251803157,0
5.1,DESCEND,right,0.32819566644708925,-0.26721732264677384,-0.16321355462369624,0.28868414783118973,-0.3182797090894671,-0.1657396794102581,-0.012953168363850789,-0.015218825292954836,-0.00148940918898282,0.24996077693710103,0.2500295347333328,0.09996564859410204,0.18610063242886316,-0.4047812422508547,-0.04952153884760466,1273,0.09341995366706331,0.3069160066860867,0
5.15,DESCEND,right,0.3276318230912092,-0.26799572913092495,-0.16321559397826124,0.2880364894129972,-0.3190406503541149,-0.16581414986970724,-0.012953168363850789,-0.015218825292954836,-0.00148940918898282,0.24997940570244687,0.25001977485764293,0.09998302927849727,0.1854359845947806,-0.4055072696882734,-0.04951269786419684,1274,0.09619832555267428,0.3069163058886655,0
5.2,DESCEND,right,0.3270559638256681,-0.2688029360619859,-0.16321770508832212,0.28738883099480467,-0.31980159161876265,-0.16588862032915638,-0.012953168363850789,-0.015218825292954836,-0.00148940918898282,0.24999679719362716,0.2500098320580741,0.09999851074383856,0.18475587279878491,-0.40626067390520704,-0.049493990908056215,1274,0.09687631986625576,0.3069166210321246,0
5.25,DESCEND,right,0.3264702126277261,-0.2696321278109379,-0.16321974644931647,0.28674117257661214,-0.32056253288341036,-0.16596309078860552,-0.012953168363850789,-0.015218825292954836,-0.00148940918898282,0.25001040163832344,0.2500004445695655,0.1000099103434276,0.1840644783236569,-0.4070329586251473,-0.04946736856908081,1274,0.09640222314270024,0.30691695054694834,0
5.3,DESCEND,right,0.32587739652549846,-0.27047374162168286,-0.16322157652214953,0.2860935141584196,-0.3213234741480581,-0.16603756124805466,-0.012953168363850789,-0.015218825292954836,-0.00148940918898282,0.25001922286241907,0.2499920727642007,0.10001661177708027,0.1833672892956227,-0.4078132757447344,-0.049435273264160744,1278,0.09528227370429089,0.3069172930280022,0
5.35,DESCEND,right,0.3252803612998219,-0.2713175917358593,-0.16322308508166739,0.285445855740227,-0.3220844154127059,-0.16611203170750383,-0.012953168363850789,-0.015218825292954836,-0.00148940918898282,0.25002342422552676,0.2499852065045091,0.10001911786761518,0.18266969689721171,-0.4085910435160254,-0.04940014246786999,1281,0.0950747437319225,0.30691764721525494,0
5.4,DESCEND,right,0.32468133812745686,-0.2721549956598459,-0.1632242226418169,0.2847981973220345,-0.3228453566773536,-0.16618650216695297,-0.012953168363850789,-0.015218825292954836,-0.00148940918898282,0.2500238321325047,0.2499804417595738,0.10001849063709635,0.1819757358978697,-0.4093578891505694,-0.04936407452438429,1281,0.09569437914685068,0.30691801197687424,0
5.45,DESCEND,right,0.324081624494703,-0.2729800641062501,-0.16322499866316742,0.28415053890384195,-0.32360629794200135,-0.1662609726264021,-0.012953168363850789,-0.015218825292954836,-0.00148940918898282,0.2500214657775155,0.24997837407902154,0.10001586696951427,0.18128739713779538,-0.4101087961567843,-0.049328607818827766,1281,0.09606136835284361,0.3069183862944959,0
5.5,DESCEND,right,0.3234815123948076,-0.2737903907092888,-0.16322546926922077,0.2835028804856494,-0.32436723920664906,-0.16633544308585124,-0.012953168363850789,-0.015218825292954836,-0.00148940918898282,0.25001724973668066,0.2499793696682503,0.10001215268600995,0.18060458349266623,-0.41084243031030343,-0.049294557998458347,1282,0.05909213049471633,0.30691876925031253,0
5.55,DESCEND,right,0.3228803989381773,-0.27458689527427566,-0.16322572713639327,0.2828552220674569,-0.3251281804712968,-0.16640991354530038,-0.012953168363850789,-0.015218825292954836,-0.00148940918898282,0.25001192983518544,0.24998333577551532,0.10000794315318667,0.1799253921371543,-0.41156041763076356,-0.0492621742607047,1282,0.06002301014962823,0.30691916001579583,0
5.6,DESCEND,right,0.3222772143292865,-0.27537276233827773,-0.16322585823972935,0.28220756364926436,-0.3258891217359446,-0.16648438400474952,-0.012953168363850789,-0.015218825292954836,-0.00148940918898282,0.25000607039584044,0.24998965535208878,0.1000035812861188,0.17924709338440892,-0.4122667967316725,-0.049231006723538626,1282,0.060954932578487275,0.3069195578418382,0
5.65,DESCEND,right,0.3216706588424551,-0.2761526460043733,-0.16322593292558063,0.2815599052310718,-0.3266500630005923,-0.16655885446419866,-0.012953168363850789,-0.015218825292954836,-0.00148940918898282,0.25000019838674603,0.24999722010515094,0.09999930197611179,0.17856694916053453,-0.4129670713355438,-0.04919994667758645,1283,0.05725917490274118,0.3069199620501109,0
5.7,DESCEND,right,0.3210594895595134,-0.27693173526545256,-0.16322600911631469,0.2809122468128793,-0.32741100426524006,-0.1666333249236478,-0.012953168363850789,-0.015218825292954836,-0.00148940918898282,0.2499948996834816,0.2500046247369905,0.09999538763692697,0.17788266675260805,-0.41366688904160903,-0.04916759324717558,1284,0.058229682907560906,0.3069203720254246,0
5.75,CLOSE,right,0.32044279734788145,-0.27771464747887653,-0.16322611597125014,0.2802645883946867,-0.32817194552988777,-0.16670779538309694,-0.012953168363850789,-0.015218825292954836,-0.00148940918898282,0.24999077675830436,0.25001050028194305,0.09999222551305052,0.17719263320344508,-0.4143707409568362,-0.049132733657825375,1285,0.05920030892664674,0.30692078720909527,0
5.8,CLOSE,right,0.31982021577590514,-0.27850452198015213,-0.16322623995733476,0.2796169299764942,-0.32893288679453553,-0.16678226584254607,-0.012953168363850789,-0.015218825292954836,-0.00148940918898282,0.24998832467495097,0.2500138618672476,0.09999022300199137,0.17649629680488071,-0.4150815475994732,-0.04909440237043393,1285,0.06017101824712266,0.3069212070930536,0
5.85,CLOSE,right,0.31889812146349483,-0.28038103848542495,-0.163381408934684,0.27896927155830165,-0.3296938280591833,-0.1668567363019952,-0.012953168363850789,-0.015218825292954836,-0.00148940918898282,0.249864073013062,0.2501190193250068,0.09995017092876593,0.17658685168482263,-0.4152322270843514,-0.04897120291678581,1286,0.06114177824602672,0.3069216312146449,0
5.9,CLOSE,right,0.3178527673141438,-0.28327238476602074,-0.1634280523065066,0.2783216131401091,-0.330454769323831,-0.16693120676144435,-0.012953168363850789,-0.015218825292954836,-0.00148940918898282,0.24977576777636568,0.25021389174538755,0.09984888054957479,0.17808521557197585,-0.4147776866378714,-0.04859277307028286,1285,0.09680554669781917,0.3069220591520278,0
5.95,CLOSE,right,0.3162559331617025,-0.28664629665004143,-0.16338079207082823,0.2776739547219166,-0.33121571058847876,-0.16700567722089352,-0.012953168363850789,-0.015218825292954836,-0.00148940918898282,0.24999199649924408,0.250049640308227,0.0998702161925117,0.18034244002594055,-0.4140088845502757,-0.048072233742256464,1288,0.09665513490325305,0.3069224905201319,0
6.0,CLOSE,right,0.313508747366555,-0.2908007615383134,-0.16328445878415598,0.27702629630372405,-0.3319766518531265,-0.16708014768034266,-0.012953168363850789,-0.015218825292954836,-0.00148940918898282,0.2503925149488643,0.24966651594612274,0.10012408040232477,0.1828140467702013,-0.41300330508654853,-0.04756381345775906,1288,0.09718953943601395,0.30692292496701623,0
6.05,CLOSE,right,0.3090707629519984,-0.29602570700120595,-0.16317843619140593,0.2763786378855315,-0.33273759311777423,-0.1671546181397918,-0.012953168363850789,-0.015218825292954836,-0.00148940918898282,0.2507432175044667,0.24927484911342632,0.10048850240840335,0.1850640600476278,-0.4118574271529861,-0.047190305023423834,1289,0.09382119613031674,0.3069233621706775,0
6.1,CLOSE,right,0.3029361984005865,-0.3022864239468809,-0.1630992601882556,0.27573097946733893,-0.333498534382422,-0.16722908859924093,-0.012953168363850789,-0.015218825292954836,-0.00148940918898282,0.250872829767126,0.24909536362335125,0.10073950588115659,0.18664310910352974,-0.41084779808114286,-0.0470159672900671,1289,0.0949860714898254,0.30692380183616075,0
6.15,CLOSE,right,0.2991974736058188,-0.3067268351935954,-0.16322003192728873,0.2750833210491464,-0.3342594756470697,-0.16730355905869007,-0.012953168363850789,-0.015218825292954836,-0.00148940918898282,0.25071136389285187,0.24924515731772845,0.1007262497203763,0.18681137057633834,-0.4105660915568226,-0.04707507824349753,1295,0.09436047019784517,0.30692424369302596,0
6.2,CLOSE,right,0.29713964752824584,-0.31102439099043705,-0.16344332832529307,0.27443566263095387,-0.33502041691171747,-0.1673780295181392,-0.012953168363850789,-0.015218825292954836,-0.00148940918898282,0.25013163208030964,0.24983311186539225,0.10036373715861552,0.1859311889576591,-0.41069706674412565,-0.04734958739023626,1295,0.09511544248080613,0.3069246874930326,1
6.25,CLOSE,right,0.2962184178480512,-0.31368766213056676,-0.16354982593781642,0.27378800421276134,-0.33578135817636523,-0.16745249997758835,-0.012953168363850789,-0.015218825292954836,-0.00148940918898282,0.24935416120834658,0.25064731513067817,0.09971469891089314,0.18446859827854264,-0.4122729852694076,-0.04727587600569365,1299,0.09540355291448614,0.3069251330081109,1
6.3,CLOSE,right,0.29486176531475755,-0.3173730896376108,-0.1635246516834915,0.2731403457945688,-0.33654229944101294,-0.1675269704370375,-0.012953168363850789,-0.015218825292954836,-0.00148940918898282,0.24874891637788715,0.2513026644652692,0.0990610831690403,0.1828443514680809,-0.41468548734929117,-0.04688256995586374,1301,0.09609563340503434,0.3069255800285094,1
6.35,CLOSE,right,0.29298370393677253,-0.32144879726627956,-0.16348782464580724,0.2724926873763763,-0.3373032407056607,-0.16760144089648663,-0.012953168363850789,-0.015218825292954836,-0.00148940918898282,0.24855430226011546,0.25151217471111853,0.09871328139088109,0.18122774026997757,-0.417379064707146,-0.046351088420470456,1301,0.0967846607666996,0.3069260283611209,1
6.4,CLOSE,right,0.29133708445653206,-0.3254641342067134,-0.16348754521849762,0.27184502895818374,-0.3380641819703084,-0.16767591135593576,-0.012953168363850789,-0.015218825292954836,-0.00148940918898282,0.24879367414946832,0.25122724335393576,0.0988117679007051,0.17967055539529525,-0.4199646902247646,-0.04582845928664476,1301,0.09738911168502186,0.30692647782802657,1
6.45,CLOSE,right,0.29008133314886986,-0.329169512091294,-0.16348432036099814,0.27119737053999116,-0.33882512323495617,-0.1677503818153849,-0.012953168363850789,-0.015218825292954836,-0.00148940918898282,0.24932423385273123,0.2506164472792266,0.09927042650827698,0.17832605079143735,-0.42224165460035346,-0.04535263393615667,1300,0.09581400595222077,0.306926928265121,1
6.5,CLOSE,right,0.2887444605626079,-0.3321863816412954,-0.16349371390427891,0.2705497121217986,-0.33958606449960393,-0.16782485227483407,-0.012953168363850789,-0.015218825292954836,-0.00148940918898282,0.2499788462830059,0.24990673215682263,0.09988708831710404,0.1772167979056835,-0.4241199244365603,-0.04495131621470371,1301,0.09580264334165124,0.30692737952090265,1
6.55,CLOSE,right,0.2874418373837319,-0.33457482399509486,-0.16352176181171962,0.2699020537036061,-0.34034700576425164,-0.1678993227342832,-0.012953168363850789,-0.015218825292954836,-0.00148940918898282,0.2505728002629064,0.24931572719697986,0.10046017602994409,0.17625841302645393,-0.4256386901449656,-0.044641570665044594,1301,0.09725620586233792,0.3069278314553781,1
6.6,LIFT,right,0.2862619456938785,-0.33648876040419995,-0.16355343161091995,0.26925439528541356,-0.3411079470288994,-0.16797379319373235,-0.012953168363850789,-0.015218825292954836,-0.00148940918898282,0.2509585741237728,0.2489861165092102,0.10084208712554706,0.17536526764930777,-0.42691089561257517,-0.04440907194639928,1302,0.09767070464164733,0.306928283939052,1
6.65,LIFT,right,0.28521007994778774,-0.3380567783207205,-0.16358225975115914,0.26860673686722103,-0.3418688882935471,-0.16804826365318148,-0.012953168363850789,-0.015218825292954836,-0.00148940918898282,0.2510696020073227,0.24895714137898373,0.10096543983697658,0.17447641843515013,-0.42805368305621977,-0.044224612246713695,1302,0.09743025659828806,0.30692873685205624,1
6.7,LIFT,right,0.28432306050118616,-0.3393444090968005,-0.16361496284994925,0.2679590784490285,-0.3426298295581949,-0.16812273411263062,-0.012953168363850789,-0.015218825292954836,-0.00148940918898282,0.2508787701067623,0.24921537046180364,0.10082908453753876,0.1737619528495454,-0.42902112938587467,-0.04403438724146129,1302,0.09616930865807295,0.30692844564040667,1
6.75,LIFT,right,0.2836211838091868,-0.340373810547642,-0.16363765802399644,0.26731142003083597,-0.34339077082284264,-0.16819720457207976,-0.012953168363850789,-0.015218825292954836,-0.00148940918898282,0.2504970741792599,0.24963399471830625,0.10049356987537476,0.17333736246122067,-0.42986085605355684,-0.043771228526279266,1302,0.09585491513388116,0.30692804534819934,1
6.8,LIFT,right,0.2830827313905787,-0.3412283540394099,-0.16364067771680468,0.2666637616126434,-0.34415171208749035,-0.1682716750315289,-0.012953168363850789,-0.015218825292954836,-0.00148940918898282,0.250088938404796,0.2500414730685089,0.10009596038328153,0.17316319688892676,-0.4306817036325413,-0.04339807082996297,1304,0.0926749072638169,0.30692755385458603,1
6.85,LIFT,right,0.2826583776005969,-0.34173914451863535,-0.1636150463726801,0.26601610319445085,-0.3449126533521381,-0.16834614549097804,-0.012953168363850789,-0.015218825292954836,-0.00148940918898282,0.24978363337403475,0.2503044256506944,0.09977987172526484,0.17316785776655652,-0.43136426205057976,-0.04293482283425939,1304,0.0934507027483616,0.30692711878109297,1
6.9,LIFT,right,0.2822097949685016,-0.34150846305719007,-0.1635269374879269,0.2653684447762583,-0.3456735946167859,-0.16842061595042718,-0.012953168363850789,-0.015218825292954836,-0.00148940918898282,0.24966202047554772,0.25035573909497605,0.09963874831257351,0.17323174223678198,-0.4315943411444125,-0.042302396532603745,1304,0.09278340667661615,0.3069270371071975,1
6.95,LIFT,right,0.2812831858880688,-0.3404800770709292,-0.16329367462764666,0.2647207863580658,-0.3464345358814336,-0.16849508640987632,-0.012953168363850789,-0.015218825292954836,-0.00148940918898282,0.24973774145173874,0.2502080649291767,0.09969366058748773,0.17307201033492453,-0.431179205599339,-0.04098238779584875,1304,0.09480877531447744,0.3069275783232077,1
7.0,LIFT,right,0.27903622922136223,-0.33966357519848805,-0.16287934531407022,0.26407312793987325,-0.34719547714608134,-0.16856955686932545,-0.012953168363850789,-0.015218825292954836,-0.00148940918898282,0.24985602758900335,0.25002775200818556,0.09985579655474518,0.17233146443582167,-0.4307668716161927,-0.038483197808931405,1305,0.09300303657311208,0.30692835311899513,1
7.05,LIFT,right,0.27447629280270447,-0.3395556278800209,-0.1625164967293029,0.2634254695216807,-0.34795641841072905,-0.1686440273287746,-0.012953168363850789,-0.015218825292954836,-0.00148940918898282,0.24990059064719589,0.24995951949856565,0.09998044793561991,0.17047571176600576,-0.4308217645119386,-0.035295963012969174,1305,0.09590511823807112,0.30692899786979555,1
7.1,LIFT,right,0.26805688201270245,-0.3404124061300166,-0.16209201457854538,0.2627778111034882,-0.3487173596753768,-0.16871849778822376,-0.012953168363850789,-0.015218825292954836,-0.00148940918898282,0.24980939022469836,0.2500750240397878,0.09998638634298669,0.1670767789216074,-0.4312938332515595,-0.032078485882157975,1305,0.09910757359548979,0.3069294843510257,1
7.15,LIFT,right,0.2615072017448539,-0.34172295917311546,-0.1607545071960711,0.2621301526852956,-0.3494783009400246,-0.1687929682476729,-0.012953168363850789,-0.015218825292954836,-0.00148940918898282,0.24948860737179454,0.25043902709381793,0.09979699946099901,0.16311515132750637,-0.43177101909405136,-0.02879754590107942,1305,0.10255687640245757,0.30692982981202,1
7.2,LIFT,right,0.25558715704677337,-0.34315712956134925,-0.15843995618565743,0.26148249426710307,-0.3502392422046723,-0.16886743870712204,-0.012953168363850789,-0.015218825292954836,-0.00148940918898282,0.24914765391066956,0.25085094987033246,0.09947321489444387,0.15947772339419367,-0.43213928669769547,-0.025230152019787365,1306,0.10543183970312815,0.30693004983384536,1
7.25,LIFT,right,0.2506630741376971,-0.34456703575525643,-0.15532171140042195,0.26083483584891054,-0.35100018346932005,-0.16894190916657117,-0.012953168363850789,-0.015218825292954836,-0.00148940918898282,0.24906166344833217,0.25101672270598685,0.09923952453349152,0.15660557784836357,-0.4324736110484921,-0.021229682099672433,1306,0.1091868110735451,0.30693015572296156,1
7.3,LIFT,right,0.24710896188917936,-0.3458625179657349,-0.15148114951107017,0.260187177430718,-0.3517611247339678,-0.1690163796260203,-0.012953168363850789,-0.015218825292954836,-0.00148940918898282,0.24933488314930144,0.25078098394819126,0.09930499624649772,0.1546922949810841,-0.4328309479283693,-0.016747867368586654,1306,0.1116815340593509,0.30693015541237345,1
7.35,LIFT,right,0.24520775402469008,-0.34693570608413127,-0.1469379684061527,0.2595395190125255,-0.3525220659986155,-0.16909085008546945,-0.012953168363850789,-0.015218825292954836,-0.00148940918898282,0.2498808345792396,0.25020526239147955,0.09970032482994615,0.1538260075265154,-0.43318305411942576,-0.011797045671566447,1306,0.11870932630430096,0.3069300542723436,1
7.4,LIFT,right,0.24501882571441025,-0.34766781779166506,-0.14172681378432117,0.25889186059433295,-0.3532830072632633,-0.1691653205449186,-0.012953168363850789,-0.015218825292954836,-0.00148940918898282,0.2505149985039488,0.24950096976651262,0.1002770094455784,0.15398144810269165,-0.4334498959357349,-0.006432549700347588,1307,0.11871746488481645,0.30692985563150454,1
7.45,LIFT,right,0.24634042973595313,-0.34794472530211046,-0.13593461809212481,0.2582442021761404,-0.354043948527911,-0.16923979100436773,-0.012953168363850789,-0.015218825292954836,-0.00148940918898282,0.2510462937756161,0.24890974107020705,0.10081706381649048,0.15498602152393712,-0.4335548273659978,-0.0007458330939923534,1307,0.12320834838719925,0.30692956109794617,1
7.5,LIFT,right,0.2487456286892897,-0.3477230809230842,-0.1297225256311011,0.2575965437579478,-0.35480488979255875,-0.16931426146381687,-0.012953168363850789,-0.015218825292954836,-0.00148940918898282,0.25133355950074954,0.2486073422295393,0.10114390716707172,0.1565452058792511,-0.433455132784287,0.005148048638407735,1309,0.12954359148925115,0.3069291707561731,1
7.55,LIFT,right,0.2516884495783734,-0.3470317609248018,-0.12329550905425823,0.2569488853397553,-0.3555658310572065,-0.169388731923266,-0.012953168363850789,-0.015218825292954836,-0.00148940918898282,0.2513138092970313,0.24865879482401795,0.10117740777350695,0.15831028256886498,-0.43315299328463924,0.011127234061262033,1311,0.13308618478244894,0.30692868328560013,1
7.6,LIFT,right,0.2546280577815081,-0.3459692004279271,-0.1168563302467468,0.25630122692156276,-0.3563267723218542,-0.16946320238271517,-0.012953168363850789,-0.015218825292954836,-0.00148940918898282,0.25100535357546383,0.2490224643073274,0.10093422638620458,0.1599613704573238,-0.4326862890340042,0.017084431888296357,1309,0.14004022284605622,0.3069280960272954,1
7.65,LIFT,right,0.2571286514313771,-0.34468894078709583,-0.11056331981371048,0.25565356850337023,-0.357087713586502,-0.1695376728421643,-0.012953168363850789,-0.015218825292954836,-0.00148940918898282,0.25049250395773265,0.24958282742058674,0.10049836802043059,0.16126903554404226,-0.432115051811477,0.02294534975026115,1309,0.14497722402562446,0.30692740501461097,1
7.7,LIFT,right,0.2590663911242902,-0.3436146575677763,-0.10478998349177959,0.2550059100851777,-0.3578486548511497,-0.16961214330161345,-0.012953168363850789,-0.015218825292954836,-0.00148940918898282,0.24987577842177702,0.25021273726151877,0.09997474936702544,0.16225702624081217,-0.4317074584852066,0.02835054915831904,1310,0.14943516439480847,0.3069266842866939,1
7.75,LIFT,right,0.2603971369506109,-0.3431107025295144,-0.09990896899317325,0.25435825166698517,-0.35860959611579746,-0.1696866137610626,-0.012953168363850789,-0.015218825292954836,-0.00148940918898282,0.24932075094231984,0.2507470157586612,0.09948257950907873,0.16288777658688647,-0.4315558965785305,0.03304060279917108,1309,0.1508714233321668,0.30692594478024326,1
7.8,LIFT,right,0.2609864822509816,-0.34309931226705176,-0.0959619415212245,0.25371059324879264,-0.3593705373804452,-0.16976108422051173,-0.012953168363850789,-0.015218825292954836,-0.00148940918898282,0.24895570425196714,0.2510640848755925,0.0991380008185067,0.16309688271685097,-0.4315722420809468,0.036995027059106456,1309,0.1534158852793755,0.3069251922689933,1
7.85,LIFT,right,0.2607797147617658,-0.3433434685898719,-0.09281328306339953,0.25306293483060005,-0.360131478645093,-0.16983555467996087,-0.012953168363850789,-0.015218825292954836,-0.00148940918898282,0.2488311042583416,0.25112549906913956,0.09900603346779493,0.16289639761351057,-0.4316343897185804,0.04029324626899034,1309,0.15638632491829096,0.3069244291699537,1
7.9,LIFT,right,0.25987004612030695,-0.3436703422417596,-0.09030327224613433,0.2524152764124075,-0.3608924199097407,-0.16991002513941,-0.012953168363850789,-0.015218825292954836,-0.00148940918898282,0.24893719421773358,0.25096362844849773,0.09908530324565946,0.1623700127159615,-0.43166318694199063,0.043031149528940715,1309,0.16149131855468257,0.30692365565842705,1
7.95,RETREAT,right,0.2584537107898091,-0.3440071737280263,-0.08829507431669537,0.251767617994215,-0.3616533611743884,-0.16998449559885914,-0.012953168363850789,-0.015218825292954836,-0.00148940918898282,0.24922496627583365,0.2506509803621108,0.09932725042487738,0.16163024610819107,-0.431638171922701,0.04530327375119563,1309,0.16111707591520313,0.3069228703824979,1
8.0,RETREAT,right,0.25676913532851053,-0.3443394373762231,-0.08666972186196886,0.25111995957602246,-0.36241430243903616,-0.17005896605830828,-0.012953168363850789,-0.015218825292954836,-0.00148940918898282,0.24962013417565865,0.25027216794991997,0.09966225674101727,0.16079003449791238,-0.43158076962577585,0.04720478372213194,1309,0.16332582750548247,0.3069220709322277,1
8.05,RETREAT,right,0.2555637814460098,-0.3402231836689414,-0.08259622187871962,0.2504723011578299,-0.3631752437036839,-0.17013343651775742,-0.012953168363850789,-0.015218825292954836,-0.00148940918898282,0.2496108477687771,0.2502613608844712,0.0999080814230149,0.16126581070525156,-0.42559833477077846,0.052314981131528854,1309,0.16745535322846716,0.3069136082915622,1
8.1,RETREAT,right,0.2584280280455449,-0.32667158850677425,-0.07390606885075912,0.2498246427396374,-0.36393618496833163,-0.17020790697720656,-0.012953168363850789,-0.015218825292954836,-0.00148940918898282,0.24897430260915027,0.25088197474776935,0.09963354729995502,0.1662614993754608,-0.41270736584132955,0.05896770405549888,1309,0.17118373496711475,0.3069063707258757,1
8.15,RETREAT,right,0.2669510738581012,-0.3057593556389752,-0.06321023492545685,0.24917698432144483,-0.3646971262329794,-0.1702823774366557,-0.012953168363850789,-0.015218825292954836,-0.00148940918898282,0.248926067345643,0.2511409755969643,0.09919214692752791,0.17508812670809376,-0.3950146402794982,0.06438457611056218,1314,0.1779123694403701,0.30690047922325514,1
8.2,RETREAT,right,0.2791740589255504,-0.28011104557351135,-0.05236854521975087,0.2485293259032523,-0.3654580674976271,-0.17035684789610483,-0.012953168363850789,-0.015218825292954836,-0.00148940918898282,0.25007125102183675,0.2502763959219432,0.09945169108526436,0.18534860759950061,-0.37457233986614064,0.0681111751078179,1321,0.057933520766113564,0.30689599023389,1
8.25,RETREAT,right,0.29247163484230426,-0.25200822933213096,-0.04158540128561983,0.24788166748505974,-0.36621900876227487,-0.170431318355554,-0.012953168363850789,-0.015218825292954836,-0.00148940918898282,0.2519214644491362,0.2484584387203932,0.10072419848164553,0.1952717317963366,-0.35347059155866384,0.0710204225200161,1326,0.051825913502758156,0.30689290586197127,1
8.3,RETREAT,right,0.3052910450279177,-0.224088799556929,-0.03046542700412469,0.2472340090668672,-0.36697995002692263,-0.17050578881500314,-0.012953168363850789,-0.015218825292954836,-0.00148940918898282,0.25349335082838365,0.24661838066404085,0.10240911245817508,0.20423805296616102,-0.3336744063407398,0.07406349307355109,1326,0.056709578918708065,0.3068911844136647,1
8.35,RETREAT,right,0.31715915749533385,-0.19914081608447004,-0.018948180768133538,0.24658635064867468,-0.36774089129157034,-0.17058025927445228,-0.012953168363850789,-0.015218825292954836,-0.00148940918898282,0.2540089708740616,0.24579613408068038,0.10350244325625658,0.2122630074541425,-0.31672978506271693,0.07765928415086822,1327,0.06096410176974432,0.30689075100001734,1
8.4,RETREAT,right,0.32803568677504175,-0.1793393420915252,-0.00758467749938041,0.24593869223048215,-0.3685018325562181,-0.17065472973390142,-0.012953168363850789,-0.015218825292954836,-0.00148940918898282,0.2532247298817211,0.24651248954076535,0.10332670350979369,0.2193910924388092,-0.30356319462269554,0.08164743810209919,1327,0.054969928428022466,0.3068915071903449,1
8.45,RETREAT,right,0.33781882648882117,-0.1656987561460544,0.0027236023458532266,0.24529103381228962,-0.3692627738208658,-0.17072920019335056,-0.012953168363850789,-0.015218825292954836,-0.00148940918898282,0.2513958632732965,0.24854365541169662,0.10189510764979685,0.2254728132536325,-0.2944018962360589,0.08552541363240025,1335,0.05372972202279845,0.3068933390057114,1
8.5,RETREAT,right,0.34622750098192273,-0.15799468309009956,0.011170244902079851,0.24464337539409706,-0.37002371508551357,-0.1708036706527997,-0.012953168363850789,-0.015218825292954836,-0.00148940918898282,0.24909057774358592,0.2511246248238114,0.09978432408595694,0.23026357765728803,-0.28881027563504924,0.08874677845773132,1335,0.05545955982975617,0.30689612301414043,1
8.55,RETREAT,right,0.35293402133292534,-0.15503941425742582,0.017379930572957614,0.2439957169759045,-0.37078465635016133,-0.17087814111224883,-0.012953168363850789,-0.015218825292954836,-0.00148940918898282,0.24698184211377738,0.2533594672945567,0.09775320781646339,0.2336064026497774,-0.2858500480036823,0.09094689169964668,1337,0.053665194733131,0.30689973066533743,1
8.6,RETREAT,right,0.3577538868120914,-0.15513019923593577,0.02150617379182229,0.243348058557712,-0.3715455976148091,-0.17095261157169797,-0.012953168363850789,-0.015218825292954836,-0.00148940918898282,0.24564561459845533,0.25458889729103984,0.09640508634592736,0.23554124219154277,-0.28434658556223796,0.0920379232331353,1340,0.04505203390741687,0.3069040312218665,1
8.65,RETREAT,right,0.36076750541729996,-0.156525247412124,0.024106084529121885,0.24270040013951943,-0.3723065388794568,-0.1710270820311471,-0.012953168363850789,-0.015218825292954836,-0.00148940918898282,0.24540067845349114,0.2545719466304614,0.09603549950838644,0.2363052397138991,-0.28319595443648266,0.09218057385554063,1343,0.04270024395407129,0.3069088937293703,1
8.7,RETREAT,right,0.36233519284479665,-0.1578346903843621,0.025899893062700352,0.2420527417213269,-0.37306748014410457,-0.17110155249059628,-0.012953168363850789,-0.015218825292954836,-0.00148940918898282,0.24624097805518247,0.25346950892174996,0.09663728944401269,0.23625938498779825,-0.28161754844832315,0.09168383978847972,1343,0.044227399817118596,0.30691418846370316,1
8.75,RETREAT,right,0.36301685970862474,-0.15823903872833753,0.027540658477965163,0.24140508330313437,-0.3738284214087523,-0.17117602295004541,-0.012953168363850789,-0.015218825292954836,-0.00148940918898282,0.24787599643430244,0.25170262638542906,0.0979752280374422,0.23579861783856498,-0.2792737189126484,0.09089422578437722,1345,0.044631176423569965,0.30691978823434796,1
8.8,RETREAT,right,0.36344272156725077,-0.1575022692670557,0.029479404326089975,0.2407574248849418,-0.37458936267340004,-0.17125049340949455,-0.012953168363850789,-0.015218825292954836,-0.00148940918898282,0.2498473089733174,0.24977741510514145,0.09967509051286608,0.23528565258512013,-0.27623516558024247,0.090115583388717,1345,0.04509880379330254,0.30692556983307406,1
8.85,RETREAT,right,0.36418397107854267,-0.15582077309336345,0.031942660048335014,0.2401097664667493,-0.3753503039380478,-0.1713249638689437,-0.012953168363850789,-0.015218825292954836,-0.00148940918898282,0.25166980227788177,0.2481423098815244,0.1013164179675453,0.23501568496301997,-0.2728339072792036,0.08957077299862291,1349,0.04594307241527812,0.3069314158053146,1
8.9,RETREAT,right,0.3656546009436304,-0.15359995240023175,0.03498485843017818,0.23946210804855675,-0.3761112452026955,-0.17139943432839283,-0.012953168363850789,-0.015218825292954836,-0.00148940918898282,0.2529534013629816,0.2471032708914344,0.10252865465329045,0.23519674633580018,-0.26947892463064577,0.08939491401111288,1349,0.04764909972026414,0.3069372165935998,1
8.95,DONE,right,0.36805506028773827,-0.15125189326242158,0.03855986227107011,0.2388144496303642,-0.3768721864673433,-0.17147390478784197,-0.012953168363850789,-0.015218825292954836,-0.00148940918898282,0.25347935963006274,0.2467922872637684,0.10307603255999961,0.2359327042055655,-0.2665031072893652,0.08964310305627247,1352,0.0494489729749701,0.3069428729665082,1
