cond,x,y,seed,method,ok,ex,ey,ez,e3d,ms
ideal,0.3,-0.4,,median,True,-0.009314993802393368,0.015790356286172147,0.028680044410120176,0.03403893959202238,13.403679040493444
ideal,0.3,-0.4,,median+R,True,-0.002543651008297565,0.000644535926960732,-0.002308757411326412,0.003495132014318055,3.4178020141553134
ideal,0.3,-0.4,,sphere,True,0.0013480456110742112,0.0005903462538216497,0.0007991052688053335,0.0016746058938061049,4.960819002008066
ideal,0.3,-0.4,,stereo_ir,False,nan,nan,nan,nan,6.349292991217226
ideal,0.3,-0.30000000000000004,,median,False,nan,nan,nan,nan,1.6318710113409907
ideal,0.3,-0.30000000000000004,,median+R,False,nan,nan,nan,nan,1.6318710113409907
ideal,0.3,-0.30000000000000004,,sphere,False,nan,nan,nan,nan,1.6318710113409907
ideal,0.3,-0.30000000000000004,,stereo_ir,False,nan,nan,nan,nan,1.6318710113409907
ideal,0.3,-0.2,,median,True,-0.004697239305397394,0.005237545665673915,0.03324469929894058,0.03398096486518842,2.8446229989640415
ideal,0.3,-0.2,,median+R,True,0.002253900504540274,-0.0027720297346129352,0.002402745480183932,0.004305508352853293,2.537779975682497
ideal,0.3,-0.2,,sphere,True,0.0013172363624719963,0.0006229981132296891,0.000820976669364204,0.001672495433580179,4.267373005859554
ideal,0.3,-0.2,,stereo_ir,False,nan,nan,nan,nan,5.318958021234721
ideal,0.3,-0.09999999999999998,,median,True,-0.007157482737895571,0.003906536932567331,0.03251213159897037,0.033519088458034675,2.744288998655975
ideal,0.3,-0.09999999999999998,,median+R,True,-0.0002901183721859546,-0.00038549550911748387,0.0016017547499326268,0.0016728400211500523,2.54802597919479
ideal,0.3,-0.09999999999999998,,sphere,True,0.001343767887130587,0.0006364098161635579,0.0008197108689514954,0.00169783847796837,4.1553229675628245
ideal,0.3,-0.09999999999999998,,stereo_ir,False,nan,nan,nan,nan,5.177980958251283
ideal,0.3,0.0,,median,True,-0.008174093037152774,0.0025174047095286173,0.02849165854709912,0.02974773487538291,2.8588180139195174
ideal,0.3,0.0,,median+R,True,-0.0013676063229174917,0.001953162454057371,-0.002468439714085391,0.0034319652166794,2.545280003687367
ideal,0.3,0.0,,sphere,True,0.001338247527454095,0.000699153599943176,0.0007472688465157695,0.001684675912460171,4.0566870011389256
ideal,0.3,0.0,,stereo_ir,True,-6.231673210704836e-05,0.00148161090588372,-0.0057302186456298365,0.005918991466310618,5.0827679806388915
ideal,0.3,0.09999999999999998,,median,True,-0.006188730491772765,-0.0020182034535095456,0.03201229657522586,0.032667425094423545,3.7708139861933887
ideal,0.3,0.09999999999999998,,median+R,True,0.0007060275113875969,0.0010186762285388923,0.001124293295222456,0.0016733832552970505,3.4176820190623403
ideal,0.3,0.09999999999999998,,sphere,True,0.0013353779298854729,0.0007174878640491822,0.0008087599757902186,0.001718172211718972,4.136064002523199
ideal,0.3,0.09999999999999998,,stereo_ir,True,-0.00098899387160295,0.011787938386074504,-0.00985534085293871,0.015396796536928053,5.196521000470966
ideal,0.3,0.20000000000000007,,median,True,-0.004247691938537079,-0.00730039154631662,0.03307300020714554,0.03413446859460527,2.7080920117441565
ideal,0.3,0.20000000000000007,,median+R,True,0.002716533597265869,-0.0006930356659292092,0.0022417340669248498,0.0035895995384075383,2.449072984745726
ideal,0.3,0.20000000000000007,,sphere,True,0.0013061902921833735,0.0007865886786252441,0.0008262396524414406,0.0017342222441204145,4.0903890039771795
ideal,0.3,0.20000000000000007,,stereo_ir,False,nan,nan,nan,nan,5.396580003434792
ideal,0.3,0.30000000000000004,,median,False,nan,nan,nan,nan,2.1222420036792755
ideal,0.3,0.30000000000000004,,median+R,False,nan,nan,nan,nan,2.1222420036792755
ideal,0.3,0.30000000000000004,,sphere,False,nan,nan,nan,nan,2.1222420036792755
ideal,0.3,0.30000000000000004,,stereo_ir,False,nan,nan,nan,nan,2.1222420036792755
ideal,0.3,0.4,,median,True,-0.009824649772189165,-0.011616388434920966,0.027524060591408994,0.031448976690135654,3.4814049722626805
ideal,0.3,0.4,,median+R,True,-0.0030776754851005728,0.0023565143600253746,-0.003484644044140617,0.0052122922438174474,2.7292619924992323
ideal,0.3,0.4,,sphere,True,0.0013197325371874236,0.0007800268612566663,0.0007508511085624336,0.0017070188227499181,4.807068966329098
ideal,0.3,0.4,,stereo_ir,False,nan,nan,nan,nan,5.968940968159586
ideal,0.34,-0.4,,median,True,-0.009813727292619479,0.01573698286800257,0.028645698403467645,0.0341253265212824,3.480969025986269
ideal,0.34,-0.4,,median+R,True,-0.0018196080613419041,0.0010779408770849597,-0.0013444089919584234,0.0025060657551328933,3.6867849994450808
ideal,0.34,-0.4,,sphere,True,0.0013916330944264144,0.0006212659038969393,0.0008260756469955499,0.0017334978994526745,4.9134390137623996
ideal,0.34,-0.4,,stereo_ir,False,nan,nan,nan,nan,6.175695016281679
ideal,0.34,-0.30000000000000004,,median,False,nan,nan,nan,nan,1.6983519890345633
ideal,0.34,-0.30000000000000004,,median+R,False,nan,nan,nan,nan,1.6983519890345633
ideal,0.34,-0.30000000000000004,,sphere,False,nan,nan,nan,nan,1.6983519890345633
ideal,0.34,-0.30000000000000004,,stereo_ir,False,nan,nan,nan,nan,1.6983519890345633
ideal,0.34,-0.2,,median,True,-0.0059819564851088525,0.004586426724231929,0.03309103202432884,0.03393870230167384,2.786233992082998
ideal,0.34,-0.2,,median+R,True,0.002162678618889524,-0.003192331549864369,0.0032238574550047527,0.005026073658737112,2.480983006535098
ideal,0.34,-0.2,,sphere,True,0.0013782352783089924,0.0006498603869957709,0.0008614182702644246,0.001750397795161749,4.183663986623287
ideal,0.34,-0.2,,stereo_ir,True,-0.008318638385155508,0.0024888859184974965,-0.021260033596711136,0.022964828025299124,5.358981987228617
ideal,0.34,-0.09999999999999998,,median,True,-0.008119364129825446,0.0040691079457944035,0.03217077629250409,0.03342814025053692,2.901781990658492
ideal,0.34,-0.09999999999999998,,median+R,True,-4.615188666340364e-05,-7.849397978396122e-05,0.0022452675822539625,0.0022471132186486446,2.50703701749444
ideal,0.34,-0.09999999999999998,,sphere,True,0.0014007315003725096,0.000656430791994636,0.0008609222996379673,0.001770349492848362,4.220811009872705
ideal,0.34,-0.09999999999999998,,stereo_ir,True,-0.0011952694651738427,0.0014312955989652931,-0.00789389644827454,0.008111157582125734,5.257105018245056
ideal,0.34,0.0,,median,True,-0.009908830108607769,0.0031341895334921054,0.028221325479230397,0.03007409632819849,2.7998749865218997
ideal,0.34,0.0,,median+R,True,-0.0019209477973835543,0.002610208755815314,-0.0017738758786760567,0.003694572481648778,2.5159929937217385
ideal,0.34,0.0,,sphere,True,0.0013807882421163487,0.0007269992867068378,0.0007774852911778263,0.0017434412839086027,3.9400899840984493
ideal,0.34,0.0,,stereo_ir,True,-0.0006851474303866123,0.0016689892395987914,-0.01001860247113684,0.010179751841667414,4.966308973962441
ideal,0.34,0.09999999999999998,,median,True,-0.007025737952987887,-0.001931571475951202,0.03171975284226858,0.032545885800287694,2.772421983536333
ideal,0.34,0.09999999999999998,,median+R,True,0.0010765577050563802,0.001010454346806522,0.0018179978153978205,0.0023420312841821098,2.5484460056759417
ideal,0.34,0.09999999999999998,,sphere,True,0.0013898984091214595,0.0007365602298050611,0.000847993368464639,0.0017870174349370108,4.064313980052248
ideal,0.34,0.09999999999999998,,stereo_ir,True,-0.0020370397527338935,0.0013681817271758295,-0.004559549447643585,0.005177928481381615,5.130520963575691
ideal,0.34,0.20000000000000007,,median,True,-0.004526297389478462,-0.006103606137678075,0.032479640062684334,0.033356684405729385,2.7339749794919044
ideal,0.34,0.20000000000000007,,median+R,True,0.0036567817431265026,0.0003294174415212625,0.0026438643950040808,0.004524443336678227,2.4281939840875566
ideal,0.34,0.20000000000000007,,sphere,True,0.001355373040468677,0.00079342657612258,0.0008570209800514705,0.0017891469394030466,4.71297898911871
ideal,0.34,0.20000000000000007,,stereo_ir,False,nan,nan,nan,nan,5.839321005623788
ideal,0.34,0.30000000000000004,,median,False,nan,nan,nan,nan,1.2690069852396846
ideal,0.34,0.30000000000000004,,median+R,False,nan,nan,nan,nan,1.2690069852396846
ideal,0.34,0.30000000000000004,,sphere,False,nan,nan,nan,nan,1.2690069852396846
ideal,0.34,0.30000000000000004,,stereo_ir,False,nan,nan,nan,nan,1.2690069852396846
ideal,0.34,0.4,,median,True,-0.009572907352826399,-0.012559137633218864,0.027466136434939004,0.03168218969608345,2.368524990743026
ideal,0.34,0.4,,median+R,True,-0.001580990474269961,0.0009202815855481883,-0.0025257697172507143,0.0031186474217218267,2.299761981703341
ideal,0.34,0.4,,sphere,True,0.001361544707632223,0.0008169089627741988,0.0007867915112876878,0.0017720567503825876,4.206312005408108
ideal,0.34,0.4,,stereo_ir,False,nan,nan,nan,nan,5.338029994163662
ideal,0.38,-0.4,,median,True,-0.01143295435403624,0.015320244888884893,0.028087992872158685,0.03397583983220013,2.282342000398785
ideal,0.38,-0.4,,median+R,True,-0.002328657861196848,0.001099312204330738,-0.000995384716164005,0.002760783492104602,2.197297988459468
ideal,0.38,-0.4,,sphere,True,0.001436182301063793,0.0006328346549540065,0.0008732573370808794,0.0017960171711777248,3.6793430044781417
ideal,0.38,-0.4,,stereo_ir,False,nan,nan,nan,nan,4.761942022014409
ideal,0.38,-0.30000000000000004,,median,False,nan,nan,nan,nan,1.4669380034320056
ideal,0.38,-0.30000000000000004,,median+R,False,nan,nan,nan,nan,1.4669380034320056
ideal,0.38,-0.30000000000000004,,sphere,False,nan,nan,nan,nan,1.4669380034320056
ideal,0.38,-0.30000000000000004,,stereo_ir,False,nan,nan,nan,nan,1.4669380034320056
ideal,0.38,-0.2,,median,True,-0.005567266379263747,0.0012708700236484516,0.03504513768021722,0.03550734065767344,2.219206973677501
ideal,0.38,-0.2,,median+R,True,0.0037640119794722926,-0.00639098634631885,0.0061471460033218905,0.009633270298636969,2.1528449724428356
ideal,0.38,-0.2,,sphere,True,0.0014052340953428777,0.000711416826346678,0.0008991753022726812,0.0018136463237744187,3.8939089863561094
ideal,0.38,-0.2,,stereo_ir,True,-0.011463347051399286,0.0060057952634800515,-0.02193377703623023,0.02546700762639232,4.995203984435648
ideal,0.38,-0.09999999999999998,,median,True,-0.01092069686108088,0.004049147236947173,0.029599803036200467,0.031808891100759254,3.179094026563689
ideal,0.38,-0.09999999999999998,,median+R,True,-0.001788618927844432,3.33139585168285e-05,0.0005391157523582102,0.001868398587913239,2.6255940028931946
ideal,0.38,-0.09999999999999998,,sphere,True,0.0014383385210725574,0.0006906618122929364,0.0008543383437655816,0.001809896529028406,4.633846023352817
ideal,0.38,-0.09999999999999998,,stereo_ir,True,-0.0024824981619994135,0.0020230243910012435,-0.005019856928741073,0.005954358772860951,5.7839380169752985
ideal,0.38,0.0,,median,True,-0.01149271796959317,0.0034496737639170202,0.02804149009832657,0.030500950515362866,3.2865199900697917
ideal,0.38,0.0,,median+R,True,-0.0023905143493949677,0.0029528581293088822,-0.001043596829641169,0.003939926944668631,3.122504975181073
ideal,0.38,0.0,,sphere,True,0.0014326044435248875,0.0007448365766996173,0.0008164124412511908,0.0018093275800215357,4.1616449889261276
ideal,0.38,0.0,,stereo_ir,True,-0.0005033722265762597,0.001775497384051864,-0.010682739548067088,0.01084097314871225,5.405545991379768
ideal,0.38,0.09999999999999998,,median,True,-0.011218740744049938,-0.00040687642270031965,0.027787885169304194,0.029969855763550005,2.9537339869420975
ideal,0.38,0.09999999999999998,,median+R,True,-0.0021110590888071545,0.0024945725351935982,-0.0012927276104069962,0.0035143430800771416,2.668916975380853
ideal,0.38,0.09999999999999998,,sphere,True,0.0014272402004625873,0.0007799331364783807,0.0008037985727371577,0.0018142222666277092,4.218102985760197
ideal,0.38,0.09999999999999998,,stereo_ir,True,-0.0017624425434566993,0.0016367153834064424,-0.0064870173517259655,0.006918557298083119,5.329762992914766
ideal,0.38,0.20000000000000007,,median,True,-0.005409539839946964,-0.006028072470283696,0.03243308044581694,0.03342911135809325,2.7751500019803643
ideal,0.38,0.20000000000000007,,median+R,True,0.0039025625515379803,0.00020844285641158367,0.003519426926719804,0.005259259338117494,2.7958930004388094
ideal,0.38,0.20000000000000007,,sphere,True,0.001402376574377806,0.000810543313325196,0.0008942151302763213,0.001850205723252124,4.262673988705501
ideal,0.38,0.20000000000000007,,stereo_ir,True,-0.011175452352589654,0.004449392543972808,-0.013205636146596977,0.01786271690789705,5.579519987804815
ideal,0.38,0.30000000000000004,,median,False,nan,nan,nan,nan,1.4856320049148053
ideal,0.38,0.30000000000000004,,median+R,False,nan,nan,nan,nan,1.4856320049148053
ideal,0.38,0.30000000000000004,,sphere,False,nan,nan,nan,nan,1.4856320049148053
ideal,0.38,0.30000000000000004,,stereo_ir,False,nan,nan,nan,nan,1.4856320049148053
ideal,0.38,0.4,,median,True,-0.01163337548761556,-0.012592580128785336,0.027004414522105114,0.03198666758537712,2.9008710116613656
ideal,0.38,0.4,,median+R,True,-0.0025442612733578285,0.00047557479699955607,-0.0020913630900755154,0.0033276472753553336,2.59443701361306
ideal,0.38,0.4,,sphere,True,0.0014044866271453182,0.0008253977390120237,0.0008105319384201781,0.0018195675685709956,4.108519002329558
ideal,0.38,0.4,,stereo_ir,False,nan,nan,nan,nan,5.250307993264869
ruido,0.3,-0.4,0,median,True,-0.00956428908840612,0.016182849448118597,0.029070976549447458,0.03461909761339253,2.8267680027056485
ruido,0.3,-0.4,0,median+R,True,-0.00279819240479251,0.0010425339779322473,-0.0019221099974301437,0.0035512342462308273,2.522483002394438
ruido,0.3,-0.4,0,sphere,True,0.0005782239164378589,0.0008405532912088565,0.00031374860073685173,0.001067385083916348,4.016844002762809
ruido,0.3,-0.4,0,stereo_ir,False,nan,nan,nan,nan,5.042842007242143
ruido,0.3,-0.4,1,median,True,-0.009615371930709382,0.016676238285743106,0.029689836876850895,0.03538415908994833,2.9278139700181782
ruido,0.3,-0.4,1,median+R,True,-0.0028465832673778,0.0015442102740792496,-0.0013010510137086984,0.003490036591349669,2.5407559878658503
ruido,0.3,-0.4,1,sphere,True,-0.00040929582275978094,0.0016663174592084773,-0.0016287789675913933,0.0023658101932867914,4.137445968808606
ruido,0.3,-0.4,1,stereo_ir,False,nan,nan,nan,nan,5.1466099685058
ruido,0.3,-0.4,2,median,True,-0.009878092523784743,0.017275389317365553,0.03102840250652117,0.036861599939255064,2.7751310262829065
ruido,0.3,-0.4,2,median+R,True,-0.0031083527960910073,0.0021416822305494465,3.8291391378897366e-05,0.0037749339215768754,2.4703230301383883
ruido,0.3,-0.4,2,sphere,True,0.0005573431370046733,0.0016495264637610418,0.0009713111306215438,0.0019937437747823863,4.175266018137336
ruido,0.3,-0.4,2,stereo_ir,False,nan,nan,nan,nan,5.413537030108273
ruido,0.3,-0.30000000000000004,0,median,False,nan,nan,nan,nan,1.5251989825628698
ruido,0.3,-0.30000000000000004,0,median+R,False,nan,nan,nan,nan,1.5251989825628698
ruido,0.3,-0.30000000000000004,0,sphere,False,nan,nan,nan,nan,1.5251989825628698
ruido,0.3,-0.30000000000000004,0,stereo_ir,False,nan,nan,nan,nan,1.5251989825628698
ruido,0.3,-0.30000000000000004,1,median,False,nan,nan,nan,nan,1.506692002294585
ruido,0.3,-0.30000000000000004,1,median+R,False,nan,nan,nan,nan,1.506692002294585
ruido,0.3,-0.30000000000000004,1,sphere,False,nan,nan,nan,nan,1.506692002294585
ruido,0.3,-0.30000000000000004,1,stereo_ir,False,nan,nan,nan,nan,1.506692002294585
ruido,0.3,-0.30000000000000004,2,median,False,nan,nan,nan,nan,1.5129809908103198
ruido,0.3,-0.30000000000000004,2,median+R,False,nan,nan,nan,nan,1.5129809908103198
ruido,0.3,-0.30000000000000004,2,sphere,False,nan,nan,nan,nan,1.5129809908103198
ruido,0.3,-0.30000000000000004,2,stereo_ir,False,nan,nan,nan,nan,1.5129809908103198
ruido,0.3,-0.2,0,median,True,-0.005006515520298405,0.005725848242835896,0.034830418531779594,0.03565120742490934,2.785461983876303
ruido,0.3,-0.2,0,median+R,True,0.0019461604516156084,-0.002280509334130043,0.003989719362978872,0.0049906035628784874,2.490363985998556
ruido,0.3,-0.2,0,sphere,True,0.0010731459285304168,0.0016292885693322545,0.0014239151606533218,0.002415317331287243,4.276208986993879
ruido,0.3,-0.2,0,stereo_ir,False,nan,nan,nan,nan,5.343938973965123
ruido,0.3,-0.2,1,median,True,-0.004683397465828076,0.005250571409647076,0.03301565878059043,0.03375702055376194,2.9103390115778893
ruido,0.3,-0.2,1,median+R,True,0.002266538692325626,-0.002756523971889635,0.0021727218873393017,0.004178078799057603,3.1594210013281554
ruido,0.3,-0.2,1,sphere,True,0.0010527069255376609,-8.287875689633184e-05,0.0004655689488423098,0.0011540429825382453,4.320365987950936
ruido,0.3,-0.2,1,stereo_ir,False,nan,nan,nan,nan,5.394463980337605
ruido,0.3,-0.2,2,median,True,-0.004644972512545087,0.005226160148287917,0.033506731893605535,0.03422849108166783,2.8395080007612705
ruido,0.3,-0.2,2,median+R,True,0.002309715772428944,-0.002785660691256131,0.0026676762679540555,0.004495685610318175,2.50967699685134
ruido,0.3,-0.2,2,sphere,True,0.0016894000190545988,0.001054810841649989,-0.00010930916386353573,0.001994654563915412,4.1858889744617045
ruido,0.3,-0.2,2,stereo_ir,False,nan,nan,nan,nan,5.207443988183513
ruido,0.3,-0.09999999999999998,0,median,True,-0.0075103258346619906,0.00407309116263567,0.034028531116297556,0.035084697457649014,2.8092310240026563
ruido,0.3,-0.09999999999999998,0,median+R,True,-0.0006434723383043628,-0.00022066498171645355,0.003117737018154765,0.003191086617234225,2.5135650066658854
ruido,0.3,-0.09999999999999998,0,sphere,True,-3.9040984078198004e-05,0.0020544631310670386,0.0017618041702671672,0.0027067133002448476,4.224852018523961
ruido,0.3,-0.09999999999999998,0,stereo_ir,True,0.0029026570401752827,-0.015976238620937472,-0.011481345259667153,0.019886852625231943,5.220538034336641
ruido,0.3,-0.09999999999999998,1,median,True,-0.0074069210585257506,0.004027559509394318,0.03339974583965688,0.03444744892328925,2.8050440014339983
ruido,0.3,-0.09999999999999998,1,median+R,True,-0.000541229169626789,-0.00026474681859441074,0.0024880030064396985,0.002559917743222181,2.5391930248588324
ruido,0.3,-0.09999999999999998,1,sphere,True,0.0018860753477015213,-0.0011566269457659734,0.0016732599572734097,0.0027739619668434444,4.216654022457078
ruido,0.3,-0.09999999999999998,1,stereo_ir,False,nan,nan,nan,nan,5.255686031887308
ruido,0.3,-0.09999999999999998,2,median,True,-0.006566406611200726,0.003543150283805155,0.029751023209104055,0.030672381578643305,2.800195012241602
ruido,0.3,-0.09999999999999998,2,median+R,True,0.0003002450558609593,-0.0007482096567019425,-0.0011599357317579884,0.0014125918326820133,2.5061680062208325
ruido,0.3,-0.09999999999999998,2,sphere,True,0.003225689939235943,-0.0007672568237072352,0.00029828585056546064,0.0033290739051965875,4.1868260013870895
ruido,0.3,-0.09999999999999998,2,stereo_ir,True,0.00344201659799942,-0.01744480315889768,-0.013119892242713371,0.022097515877899047,5.1811579905916005
ruido,0.3,0.0,0,median,True,-0.008920458336122927,0.002748735831575179,0.02955241036984413,0.030991532460753875,2.8573589806910604
ruido,0.3,0.0,0,median+R,True,-0.002130383653677237,0.002192246913173811,-0.001421092307854921,0.0033710509322197584,2.5704399740789086
ruido,0.3,0.0,0,sphere,True,0.0007522130350487433,0.0015657660740921488,0.0006008548240148404,0.0018380626671626534,4.294870974263176
ruido,0.3,0.0,0,stereo_ir,True,-5.7005942777743623e-05,0.00148549463029269,-0.0060240877428424655,0.006204802745261547,5.311460961820558
ruido,0.3,0.0,1,median,True,-0.008982378805454772,0.0033071316995115663,0.029566327906883627,0.031077129773837916,2.810398960718885
ruido,0.3,0.0,1,median+R,True,-0.0021941878352993993,0.002771672497648342,-0.0014087132801513524,0.0038054042881763357,2.5259279645979404
ruido,0.3,0.0,1,sphere,True,0.0013082625146955684,0.00016834411603317695,0.0012016628190681944,0.0017843441594859114,3.9900919946376234
ruido,0.3,0.0,1,stereo_ir,True,-7.811272801860891e-06,0.001463500343750545,-0.006275732802381584,0.00644412263066346,4.947076988173649
ruido,0.3,0.0,2,median,True,-0.00836837296640558,0.002190992158397456,0.028989174872888435,0.030252311854698528,2.8528060065582395
ruido,0.3,0.0,2,median+R,True,-0.0015645987731897626,0.0016140668576353663,-0.0019731388215840084,0.002991063013583255,3.077298024436459
ruido,0.3,0.0,2,sphere,True,0.0010189336093591739,0.0007904334084786295,-6.865809336120687e-05,0.001291404122381857,4.085299005964771
ruido,0.3,0.0,2,stereo_ir,True,-0.00011054142674971068,0.0014519934605632286,-0.005938414640933476,0.006114349749907941,5.1173020037822425
ruido,0.3,0.09999999999999998,0,median,True,-0.006389750815800566,-0.00211084479518564,0.032917886098194016,0.033598687569770656,2.8049619868397713
ruido,0.3,0.09999999999999998,0,median+R,True,0.0005050430853559829,0.0009258958377175719,0.0020299121376370355,0.0022875521648466892,2.4998529988806695
ruido,0.3,0.09999999999999998,0,sphere,True,0.0017998923708942294,0.0015712855186715696,0.00015718955659416167,0.0023944225367909695,4.951390001224354
ruido,0.3,0.09999999999999998,0,stereo_ir,True,-0.0007817340542652373,0.011903588192242714,-0.010457336422070251,0.015863871060572046,6.033985991962254
ruido,0.3,0.09999999999999998,1,median,True,-0.00621652454286209,-0.0020349480671857795,0.032259413591924524,0.0329158921544441,2.3522659903392196
ruido,0.3,0.09999999999999998,1,median+R,True,0.0006791071250270564,0.0010021464917626677,0.001372123871708486,0.0018298109185178185,2.289291995111853
ruido,0.3,0.09999999999999998,1,sphere,True,0.002181695542496198,0.000518924685639327,0.0003513445438941831,0.0022699165751273475,4.051659983815625
ruido,0.3,0.09999999999999998,1,stereo_ir,True,-0.0009800284375468538,0.011791438468528925,-0.009892777202311853,0.015422889407309041,5.104328010929748
ruido,0.3,0.09999999999999998,2,median,True,-0.006547357043086066,-0.002236186242771443,0.03391092460684164,0.03460952500183883,3.069406986469403
ruido,0.3,0.09999999999999998,2,median+R,True,0.0003494859597982791,0.0007993418309642925,0.003024624236331097,0.003147926233225128,2.8324800077825785
ruido,0.3,0.09999999999999998,2,sphere,True,0.0015132025094270474,0.002276041160123435,0.0015298641875512997,0.0031321924636689143,4.723572026705369
ruido,0.3,0.09999999999999998,2,stereo_ir,True,-0.0005471019038004732,0.012749270161174164,-0.01070894608042039,0.016659073692408568,5.789376038592309
ruido,0.3,0.20000000000000007,0,median,True,-0.0042951867163879,-0.0074348445274770025,0.03413852339694112,0.03520176589036247,2.7906509931199253
ruido,0.3,0.20000000000000007,0,median+R,True,0.0026751968094289036,-0.0008250213288606978,0.0033122867536220513,0.004336886175641893,2.5000209861900657
ruido,0.3,0.20000000000000007,0,sphere,True,-6.521601622594408e-05,0.00025642020621741146,0.0015293767331748809,0.0015520945985685387,4.220239003188908
ruido,0.3,0.20000000000000007,0,stereo_ir,False,nan,nan,nan,nan,5.323028017301112
ruido,0.3,0.20000000000000007,1,median,True,-0.004318910427359046,-0.00753572000519892,0.03404668868593497,0.03513711817655622,2.833624981576577
ruido,0.3,0.20000000000000007,1,median+R,True,0.0026500553106097446,-0.0009302003375103451,0.0032192940739323994,0.004272226603499811,2.5097619800362736
ruido,0.3,0.20000000000000007,1,sphere,True,0.002528731097523218,-1.897751985530105e-05,0.0007419760490545713,0.0026354069073316684,4.914953984552994
ruido,0.3,0.20000000000000007,1,stereo_ir,False,nan,nan,nan,nan,6.112164992373437
ruido,0.3,0.20000000000000007,2,median,True,-0.004220710365233471,-0.007401189136961306,0.03369340866434711,0.03475396069588277,2.787396020721644
ruido,0.3,0.20000000000000007,2,median+R,True,0.002748839471263198,-0.0007935515688348715,0.0028664911108865487,0.00405001405182333,2.501186012523249
ruido,0.3,0.20000000000000007,2,sphere,True,0.0002697301429347432,0.0016714861134458636,0.0012129217362453204,0.002082738417494218,4.359546030173078
ruido,0.3,0.20000000000000007,2,stereo_ir,False,nan,nan,nan,nan,5.443861038656905
ruido,0.3,0.30000000000000004,0,median,False,nan,nan,nan,nan,1.5341159887611866
ruido,0.3,0.30000000000000004,0,median+R,False,nan,nan,nan,nan,1.5341159887611866
ruido,0.3,0.30000000000000004,0,sphere,False,nan,nan,nan,nan,1.5341159887611866
ruido,0.3,0.30000000000000004,0,stereo_ir,False,nan,nan,nan,nan,1.5341159887611866
ruido,0.3,0.30000000000000004,1,median,False,nan,nan,nan,nan,1.5430630010087043
ruido,0.3,0.30000000000000004,1,median+R,False,nan,nan,nan,nan,1.5430630010087043
ruido,0.3,0.30000000000000004,1,sphere,False,nan,nan,nan,nan,1.5430630010087043
ruido,0.3,0.30000000000000004,1,stereo_ir,False,nan,nan,nan,nan,1.5430630010087043
ruido,0.3,0.30000000000000004,2,median,False,nan,nan,nan,nan,1.519313984317705
ruido,0.3,0.30000000000000004,2,median+R,False,nan,nan,nan,nan,1.519313984317705
ruido,0.3,0.30000000000000004,2,sphere,False,nan,nan,nan,nan,1.519313984317705
ruido,0.3,0.30000000000000004,2,stereo_ir,False,nan,nan,nan,nan,1.519313984317705
ruido,0.3,0.4,0,median,True,-0.00970798882205487,-0.011592426312994508,0.028434288545619135,0.032204629479111804,2.80644599115476
ruido,0.3,0.4,0,median+R,True,-0.002950938530095093,0.002393137312087956,-0.0025661865807613538,0.004584807299133411,2.5115969765465707
ruido,0.3,0.4,0,sphere,True,0.002261530921634336,0.0004320107240873283,0.0010146509681352445,0.0025160826620706433,3.9857139927335083
ruido,0.3,0.4,0,stereo_ir,False,nan,nan,nan,nan,4.995369992684573
ruido,0.3,0.4,1,median,True,-0.010111176368128694,-0.011820915398662979,0.028142989483921466,0.03215583594780061,2.7891850331798196
ruido,0.3,0.4,1,median+R,True,-0.0033690642593950937,0.0021565811753103126,-0.002869686303078156,0.00492306163151657,2.491817023837939
ruido,0.3,0.4,1,sphere,True,0.002162688605544194,-0.0012400136452989652,0.0014302280133922096,0.0028740925551154653,4.126385028939694
ruido,0.3,0.4,1,stereo_ir,False,nan,nan,nan,nan,5.159515014383942
ruido,0.3,0.4,2,median,True,-0.010638728982276635,-0.012687477521956203,0.028718800321195892,0.03315002461714317,2.7982800093013793
ruido,0.3,0.4,2,median+R,True,-0.003909515048669321,0.0012718529123588729,-0.0023044099635356474,0.00471298451371209,2.5027380033861846
ruido,0.3,0.4,2,sphere,True,0.0028189431049122082,0.00010308240135520341,0.0003718516635835556,0.00284523107495878,4.114579991437495
ruido,0.3,0.4,2,stereo_ir,False,nan,nan,nan,nan,5.159093998372555
ruido,0.34,-0.4,0,median,True,-0.009944534306250974,0.016434082841503772,0.029470668821866552,0.03517802101053652,2.8102029755245894
ruido,0.34,-0.4,0,median+R,True,-0.001947742966981969,0.0017868395301098294,-0.0005172561473405501,0.002693334753377758,2.4972309765871614
ruido,0.34,-0.4,0,sphere,True,-0.0022051994607946157,0.001033873777312344,-0.0005740873327734208,0.002502274148640364,3.957646986236796
ruido,0.34,-0.4,0,stereo_ir,False,nan,nan,nan,nan,4.994246992282569
ruido,0.34,-0.4,1,median,True,-0.009947429570113131,0.016488641058120757,0.030252437408634814,0.035861352570131455,2.8762909932993352
ruido,0.34,-0.4,1,median+R,True,-0.0019444683157569531,0.0018318969311777455,0.0002695516760530259,0.002685044041259681,2.575302991317585
ruido,0.34,-0.4,1,sphere,True,0.003933551594648588,0.0017878367778042525,0.0028642328189837363,0.005183919186597671,4.084303014678881
ruido,0.34,-0.4,1,stereo_ir,False,nan,nan,nan,nan,5.18148802802898
ruido,0.34,-0.4,2,median,True,-0.01095280427583184,0.015626278518874215,0.027779112927100558,0.033701982387846496,3.038009977899492
ruido,0.34,-0.4,2,median+R,True,-0.002999739763684006,0.0009622633114061419,-0.002244525633884553,0.0038681112511754555,2.849098003935069
ruido,0.34,-0.4,2,sphere,True,0.0003823447745802122,-0.00043057359339643275,0.00012637602543585924,0.0005895354491326835,4.451388987945393
ruido,0.34,-0.4,2,stereo_ir,False,nan,nan,nan,nan,5.5341419647447765
ruido,0.34,-0.30000000000000004,0,median,False,nan,nan,nan,nan,1.2438420089893043
ruido,0.34,-0.30000000000000004,0,median+R,False,nan,nan,nan,nan,1.2438420089893043
ruido,0.34,-0.30000000000000004,0,sphere,False,nan,nan,nan,nan,1.2438420089893043
ruido,0.34,-0.30000000000000004,0,stereo_ir,False,nan,nan,nan,nan,1.2438420089893043
ruido,0.34,-0.30000000000000004,1,median,False,nan,nan,nan,nan,1.2303510156925768
ruido,0.34,-0.30000000000000004,1,median+R,False,nan,nan,nan,nan,1.2303510156925768
ruido,0.34,-0.30000000000000004,1,sphere,False,nan,nan,nan,nan,1.2303510156925768
ruido,0.34,-0.30000000000000004,1,stereo_ir,False,nan,nan,nan,nan,1.2303510156925768
ruido,0.34,-0.30000000000000004,2,median,False,nan,nan,nan,nan,1.227594999363646
ruido,0.34,-0.30000000000000004,2,median+R,False,nan,nan,nan,nan,1.227594999363646
ruido,0.34,-0.30000000000000004,2,sphere,False,nan,nan,nan,nan,1.227594999363646
ruido,0.34,-0.30000000000000004,2,stereo_ir,False,nan,nan,nan,nan,1.227594999363646
ruido,0.34,-0.2,0,median,True,-0.005718047972680773,0.004432956136233734,0.032212953540615374,0.033015474379955466,2.7859660040121526
ruido,0.34,-0.2,0,median+R,True,0.0024273172167021406,-0.003342901668353271,0.0023463752636158075,0.004751035393731124,2.482714015059173
ruido,0.34,-0.2,0,sphere,True,0.0006821766402644869,-0.0012421772262694586,0.00013657107990106,0.001423734838321508,4.132608009967953
ruido,0.34,-0.2,0,stereo_ir,True,-0.009693301059700843,0.003919631253823469,-0.01597927957916656,0.019096098304866277,5.298110016155988
ruido,0.34,-0.2,1,median,True,-0.006134282460167728,0.004801898986471653,0.03416017313014941,0.03503719571340121,2.7917909901589155
ruido,0.34,-0.2,1,median+R,True,0.0020145176071192927,-0.0029782770533203773,0.004296400266562195,0.005602452199371633,2.479627000866458
ruido,0.34,-0.2,1,sphere,True,0.0017079835853455738,0.0015305498379699634,0.00056901511902685,0.0023629576678393842,4.121620004298165
ruido,0.34,-0.2,1,stereo_ir,True,-0.0086725894839354,0.00294837648782717,-0.01968930561696014,0.021715788909199157,5.234126001596451
ruido,0.34,-0.2,2,median,True,-0.00645948557217807,0.004875185913229996,0.03422039895266604,0.03516430144372784,2.835894003510475
ruido,0.34,-0.2,2,median+R,True,0.0016800754975238585,-0.002904848507660651,0.004349080199977706,0.0054932046307848825,2.5528939731884748
ruido,0.34,-0.2,2,sphere,True,0.0031708111384119997,-0.0011433524842778264,0.0014661093483635534,0.0036757005863020022,4.351854004198685
ruido,0.34,-0.2,2,stereo_ir,True,-0.00943155820465047,0.0036334159221080575,-0.01701378432081002,0.019789513848141364,5.36815999657847
ruido,0.34,-0.09999999999999998,0,median,True,-0.009501095042873497,0.003922526573591614,0.031479635290845964,0.03311532062020421,2.306571986991912
ruido,0.34,-0.09999999999999998,0,median+R,True,-0.001474890919666183,-0.00023225459035722262,0.0015157330149783155,0.0021276024046684603,2.212697989307344
ruido,0.34,-0.09999999999999998,0,sphere,True,0.0012206103055061868,0.0014424444174960666,0.0009771976190044995,0.0021273106501076746,3.76817598589696
ruido,0.34,-0.09999999999999998,0,stereo_ir,True,-0.0011245257759750493,0.001412777445332164,-0.00808838539333856,0.008287489161503871,4.816637985641137
ruido,0.34,-0.09999999999999998,1,median,True,-0.009583724164053786,0.00389020887416551,0.031736647774605276,0.0333795791750984,2.29813001351431
ruido,0.34,-0.09999999999999998,1,median+R,True,-0.001557933930422195,-0.0002671058323709813,0.0017724074572121884,0.002374854069543794,2.2191060124896467
ruido,0.34,-0.09999999999999998,1,sphere,True,0.0030369458563417884,-0.0003750317172137724,0.003024985916970313,0.004302816370836268,3.875007008900866
ruido,0.34,-0.09999999999999998,1,stereo_ir,True,-0.0010887537672233938,0.0013643781039755498,-0.008252994899046628,0.008435569760243863,4.948754998622462
ruido,0.34,-0.09999999999999998,2,median,True,-0.009553755125880414,0.003720488436527142,0.031069584218186952,0.032717508075992434,2.7885969902854413
ruido,0.34,-0.09999999999999998,2,median+R,True,-0.0015324265025312145,-0.00044015377987527415,0.0011016999106213676,0.0019379909774458889,2.4772509932518005
ruido,0.34,-0.09999999999999998,2,sphere,True,-3.5968239865125096e-05,-0.0017953738000948266,0.0016842241465030439,0.002461965022499272,4.020238004159182
ruido,0.34,-0.09999999999999998,2,stereo_ir,True,-0.0011957716609617974,0.0014229408948257527,-0.00787376119115668,0.008090163530528412,5.03681501140818
ruido,0.34,0.0,0,median,True,-0.01145922917087816,0.0035983770025476564,0.02958676331280774,0.03193178375179305,2.8009560192003846
ruido,0.34,0.0,0,median+R,True,-0.003506994174035327,0.003089990794065885,-0.0004375527492200826,0.00469451846864827,2.539582026656717
ruido,0.34,0.0,0,sphere,True,0.0014168380155691884,0.00025766586782665496,0.00040101413622339876,0.0014948692248005835,3.9734480378683656
ruido,0.34,0.0,0,stereo_ir,True,-0.0006851474303866123,0.0016689892395987914,-0.01001860247113684,0.010179751841667414,4.991215042537078
ruido,0.34,0.0,1,median,True,-0.011458263086483955,0.004083244028861599,0.02863324292792746,0.031109922457762937,2.8479929897002876
ruido,0.34,0.0,1,median+R,True,-0.0035135850344069075,0.0035930579847907283,-0.0013972452178813155,0.005216094293143942,2.5227919686585665
ruido,0.34,0.0,1,sphere,True,0.00031936870362642145,-0.0007008733180577063,0.00037520568937476906,0.0008567374662990031,4.06793798902072
ruido,0.34,0.0,1,stereo_ir,True,-0.0007264184834082088,0.0016722665621197279,-0.009941013666068699,0.01010682501959866,5.080329981865361
ruido,0.34,0.0,2,median,True,-0.010934990388829002,0.003263210650486896,0.0294871415293253,0.031618255393422556,2.843700989615172
ruido,0.34,0.0,2,median+R,True,-0.002967794718260919,0.002742842344640435,-0.0005249555031199282,0.0040751156913081555,2.516290987841785
ruido,0.34,0.0,2,sphere,True,0.00020572671522584018,0.0015615695844083469,0.001021159948514927,0.0018771229817883214,4.1056319896597415
ruido,0.34,0.0,2,stereo_ir,True,-0.0007955041702379373,0.0016595167246160128,-0.009591347063267142,0.009766307446122583,5.126823001774028
ruido,0.34,0.09999999999999998,0,median,True,-0.007129793407008478,-0.002058534452450328,0.03301787039686854,0.033841561483816826,2.807284996379167
ruido,0.34,0.09999999999999998,0,median+R,True,0.0009799181118392286,0.0008829231724907238,0.00312217222440192,0.0033893586758055685,2.5504880177322775
ruido,0.34,0.09999999999999998,0,sphere,True,0.0018733270419584724,0.0024492853231895817,0.00098769477905436,0.0032378841512778088,4.180627001915127
ruido,0.34,0.09999999999999998,0,stereo_ir,True,-0.0020370397527338935,0.0013681817271758295,-0.004559549447643585,0.005177928481381615,5.224320018896833
ruido,0.34,0.09999999999999998,1,median,True,-0.007608270777544501,-0.0022065752747599254,0.03411632491332128,0.035023968710854655,2.822634967742488
ruido,0.34,0.09999999999999998,1,median+R,True,0.0004960294340812799,0.000733853710043933,0.004216207092098023,0.004308246593531748,2.52094998722896
ruido,0.34,0.09999999999999998,1,sphere,True,0.0013214228059183486,0.0002782908419275698,0.001819995955994802,0.0022662721161721315,4.206380981486291
ruido,0.34,0.09999999999999998,1,stereo_ir,True,-0.0018733794190046726,0.001417493149509258,-0.00517086793246313,0.0056794993134458155,5.24566596141085
ruido,0.34,0.09999999999999998,2,median,True,-0.006931726277981498,-0.0020343919018450257,0.032232111468000535,0.03303175122951799,2.7714949974324554
ruido,0.34,0.09999999999999998,2,median+R,True,0.001177534163084859,0.0009051596212642232,0.0023360448807915324,0.002768213562980912,2.4792269978206605
ruido,0.34,0.09999999999999998,2,sphere,True,0.00011950610626459968,0.0014137984236093915,0.00011860373360250698,0.0014237887967178911,4.157671995926648
ruido,0.34,0.09999999999999998,2,stereo_ir,True,-0.0022676423837389437,0.001296690469310316,-0.0037551520893995827,0.004574360651309809,5.18987700343132
ruido,0.34,0.20000000000000007,0,median,True,-0.0051103108190184154,-0.006470121129091844,0.03466151825576602,0.035628620403923845,3.1556699832435697
ruido,0.34,0.20000000000000007,0,median+R,True,0.0030731988549131395,-3.3373062493124994e-05,0.004826094229816613,0.005721612576731215,2.8511319833341986
ruido,0.34,0.20000000000000007,0,sphere,True,-6.611027219899368e-05,0.0012149585951007347,0.0007923857491196618,0.001452022772310167,4.51509898994118
ruido,0.34,0.20000000000000007,0,stereo_ir,False,nan,nan,nan,nan,5.3239259868860245
ruido,0.34,0.20000000000000007,1,median,True,-0.004612852100338405,-0.006132984651522788,0.03335460686690206,0.03422603839887112,2.8384070028550923
ruido,0.34,0.20000000000000007,1,median+R,True,0.0035748025669486982,0.0003050473515388008,0.003522568236380752,0.005027997042491418,2.5343519810121506
ruido,0.34,0.20000000000000007,1,sphere,True,0.002572043064757279,0.0016629444771596447,0.0002888666511901006,0.0030763994869411164,4.189614992355928
ruido,0.34,0.20000000000000007,1,stereo_ir,False,nan,nan,nan,nan,5.055515997810289
ruido,0.34,0.20000000000000007,2,median,True,-0.004472006024734687,-0.006010589552018941,0.032440855337159014,0.03329467103989137,2.811608021147549
ruido,0.34,0.20000000000000007,2,median+R,True,0.0037123736589927403,0.00042529200118485155,0.0026061418858551733,0.004555718055308485,2.5114750023931265
ruido,0.34,0.20000000000000007,2,sphere,True,0.0032602258411613128,0.00016007499068559916,0.0012562038877659276,0.003497534094995675,4.325371992308646
ruido,0.34,0.20000000000000007,2,stereo_ir,False,nan,nan,nan,nan,5.11724897660315
ruido,0.34,0.30000000000000004,0,median,False,nan,nan,nan,nan,1.2519040028564632
ruido,0.34,0.30000000000000004,0,median+R,False,nan,nan,nan,nan,1.2519040028564632
ruido,0.34,0.30000000000000004,0,sphere,False,nan,nan,nan,nan,1.2519040028564632
ruido,0.34,0.30000000000000004,0,stereo_ir,False,nan,nan,nan,nan,1.2519040028564632
ruido,0.34,0.30000000000000004,1,median,False,nan,nan,nan,nan,1.260263001313433
ruido,0.34,0.30000000000000004,1,median+R,False,nan,nan,nan,nan,1.260263001313433
ruido,0.34,0.30000000000000004,1,sphere,False,nan,nan,nan,nan,1.260263001313433
ruido,0.34,0.30000000000000004,1,stereo_ir,False,nan,nan,nan,nan,1.260263001313433
ruido,0.34,0.30000000000000004,2,median,False,nan,nan,nan,nan,1.5661100042052567
ruido,0.34,0.30000000000000004,2,median+R,False,nan,nan,nan,nan,1.5661100042052567
ruido,0.34,0.30000000000000004,2,sphere,False,nan,nan,nan,nan,1.5661100042052567
ruido,0.34,0.30000000000000004,2,stereo_ir,False,nan,nan,nan,nan,1.5661100042052567
ruido,0.34,0.4,0,median,True,-0.011032257852860272,-0.013826702940288038,0.02854879482987016,0.0335845517130866,2.8250280010979623
ruido,0.34,0.4,0,median+R,True,-0.0030754574641796983,-0.00036291446684305617,-0.0014717924790983439,0.003428748842617821,2.53303098725155
ruido,0.34,0.4,0,sphere,True,0.0006835362296894743,0.0008207848055037936,0.0006486406080418172,0.0012496575981623369,4.21816497691907
ruido,0.34,0.4,0,stereo_ir,False,nan,nan,nan,nan,5.358447000617161
ruido,0.34,0.4,1,median,True,-0.009742036062001469,-0.012746721297250019,0.026768561624085585,0.03120804482638366,2.8240790124982595
ruido,0.34,0.4,1,median+R,True,-0.0017607366371909516,0.0007183471261026919,-0.003232016261997761,0.0037499526952942323,2.505241020116955
ruido,0.34,0.4,1,sphere,True,0.002548536794139966,0.0018590226956455291,0.0017145099000950292,0.0035903411218899876,3.9621450123377144
ruido,0.34,0.4,1,stereo_ir,False,nan,nan,nan,nan,5.027784005505964
ruido,0.34,0.4,2,median,True,-0.01034684042845374,-0.014437404543641619,0.029177769184862368,0.03415901010588206,2.270032011438161
ruido,0.34,0.4,2,median+R,True,-0.0023644567928964855,-0.0009949888840627419,-0.000821923179390005,0.00269373653457448,2.21084599616006
ruido,0.34,0.4,2,sphere,True,0.0009614027116168766,0.0017888625588742824,0.00173084087753117,0.002668358029159393,3.818392026005313
ruido,0.34,0.4,2,stereo_ir,False,nan,nan,nan,nan,4.897544044069946
ruido,0.38,-0.4,0,median,True,-0.011958633757158998,0.016006429711982406,0.027192467847742652,0.03374381456079045,2.227913006208837
ruido,0.38,-0.4,0,median+R,True,-0.0028770243315154875,0.0018161654391045667,-0.0019094392500325075,0.0039014976811340956,2.1671220019925386
ruido,0.38,-0.4,0,sphere,True,0.0005997838368955177,0.0022927868118935435,-0.002342704278501362,0.003332397838239404,3.623844007961452
ruido,0.38,-0.4,0,stereo_ir,False,nan,nan,nan,nan,4.432565998286009
ruido,0.38,-0.4,1,median,True,-0.011402710297828689,0.015815259691316974,0.028141968565246978,0.0342361597724884,2.5210199819412082
ruido,0.38,-0.4,1,median+R,True,-0.0022970862914516443,0.0016114279528818276,-0.0009403247853274621,0.002959310085071371,2.454486966598779
ruido,0.38,-0.4,1,sphere,True,0.0016787214488155344,3.555130195770362e-05,0.002851323193546307,0.003308989808361356,3.912190964911133
ruido,0.38,-0.4,1,stereo_ir,False,nan,nan,nan,nan,5.0120029773097485
ruido,0.38,-0.4,2,median,True,-0.011271871526717936,0.015994468743859513,0.027894957529567388,0.034073549473007676,2.822095964802429
ruido,0.38,-0.4,2,median+R,True,-0.0021647414968041234,0.0018018369989099003,-0.0011861057864188673,0.003056070885173103,2.627384994411841
ruido,0.38,-0.4,2,sphere,True,0.003026058590733016,-0.00017217862731266909,0.0030323514476392477,0.004287403803731602,4.178653995040804
ruido,0.38,-0.4,2,stereo_ir,False,nan,nan,nan,nan,5.274666997138411
ruido,0.38,-0.30000000000000004,0,median,False,nan,nan,nan,nan,1.2405939924065024
ruido,0.38,-0.30000000000000004,0,median+R,False,nan,nan,nan,nan,1.2405939924065024
ruido,0.38,-0.30000000000000004,0,sphere,False,nan,nan,nan,nan,1.2405939924065024
ruido,0.38,-0.30000000000000004,0,stereo_ir,False,nan,nan,nan,nan,1.2405939924065024
ruido,0.38,-0.30000000000000004,1,median,False,nan,nan,nan,nan,3.8595590158365667
ruido,0.38,-0.30000000000000004,1,median+R,False,nan,nan,nan,nan,3.8595590158365667
ruido,0.38,-0.30000000000000004,1,sphere,False,nan,nan,nan,nan,3.8595590158365667
ruido,0.38,-0.30000000000000004,1,stereo_ir,False,nan,nan,nan,nan,3.8595590158365667
ruido,0.38,-0.30000000000000004,2,median,False,nan,nan,nan,nan,1.496812008554116
ruido,0.38,-0.30000000000000004,2,median+R,False,nan,nan,nan,nan,1.496812008554116
ruido,0.38,-0.30000000000000004,2,sphere,False,nan,nan,nan,nan,1.496812008554116
ruido,0.38,-0.30000000000000004,2,stereo_ir,False,nan,nan,nan,nan,1.496812008554116
ruido,0.38,-0.2,0,median,True,-0.005881806195336847,0.0016555433515439422,0.03689154596105071,0.037394152367778856,2.832681027939543
ruido,0.38,-0.2,0,median+R,True,0.0034573861965557784,-0.0060083229367236535,0.008000018017476074,0.01058554448783981,2.566512004705146
ruido,0.38,-0.2,0,sphere,True,0.003997430927971335,0.003552177726771466,0.0027851809467354105,0.006029482028543665,4.358567006420344
ruido,0.38,-0.2,0,stereo_ir,True,-0.011554452104468593,0.005989402803449867,-0.022371528188386725,0.02588172294999337,5.484155990416184
ruido,0.38,-0.2,1,median,True,-0.005466580082640116,0.0012551293637905747,0.034815060222148975,0.035263965542627604,2.9387029935605824
ruido,0.38,-0.2,1,median+R,True,0.0038654381004574745,-0.00640496351464126,0.005917672791822093,0.00953855442944189,2.737647999310866
ruido,0.38,-0.2,1,sphere,True,0.0021111690202078037,0.0009125476292893286,-0.00017445728112397418,0.0023065587247117557,4.477778013097122
ruido,0.38,-0.2,1,stereo_ir,True,-0.010395540626625177,0.005159978542507299,-0.025137479646680005,0.027687280951119088,5.671046004863456
ruido,0.38,-0.2,2,median,True,-0.0063873870147889145,0.001934553055490451,0.03762962576759876,0.038216880351629096,2.8303390135988593
ruido,0.38,-0.2,2,median+R,True,0.0029442969785827833,-0.005727981641623192,0.00873196539006249,0.010850155665155833,2.5346870243083686
ruido,0.38,-0.2,2,sphere,True,-0.0011909765167974484,0.0008720754702752354,0.0016317093744142586,0.002200321833725723,4.286253999453038
ruido,0.38,-0.2,2,stereo_ir,False,nan,nan,nan,nan,5.4209310037549585
ruido,0.38,-0.09999999999999998,0,median,True,-0.01139227646366514,0.004291814845815589,0.030663543488525513,0.032991764684054674,2.8152340091764927
ruido,0.38,-0.09999999999999998,0,median+R,True,-0.002264071626907338,0.0002789356967841661,0.001599692879199699,0.0027861878548420837,2.515842003049329
ruido,0.38,-0.09999999999999998,0,sphere,True,0.0013645340682826301,0.0013747655258803393,0.0013147576747438716,0.002341051306133828,3.9934739761520177
ruido,0.38,-0.09999999999999998,0,stereo_ir,True,-0.00270647875309471,0.0021553313154454856,-0.004249337454289681,0.0054797216280320455,5.036613991251215
ruido,0.38,-0.09999999999999998,1,median,True,-0.012254164358640907,0.004214419249197673,0.03195021768417816,0.03447814211646219,2.9807719693053514
ruido,0.38,-0.09999999999999998,1,median+R,True,-0.0031388985969174055,0.00019102280884669698,0.0028757991723954435,0.004261384164233502,2.5812139792833477
ruido,0.38,-0.09999999999999998,1,sphere,True,0.0016769600064419077,0.0012205073382199894,0.0025077364923856704,0.0032543164168681066,4.069504997460172
ruido,0.38,-0.09999999999999998,1,stereo_ir,True,-0.002402690182087164,0.001989743982686226,-0.005257036285588268,0.006112972414114576,5.1014980126637965
ruido,0.38,-0.09999999999999998,2,median,True,-0.011617816239791856,0.004417568373430103,0.030972611618557244,0.033373510977862196,2.8057800082024187
ruido,0.38,-0.09999999999999998,2,median+R,True,-0.002493237316462893,0.0004072266788676393,0.001905799568840072,0.0031645122658595683,2.511897007934749
ruido,0.38,-0.09999999999999998,2,sphere,True,0.0015786461299213128,-0.0014798854220750973,0.0012451740424238578,0.0024965261588679776,4.091645998414606
ruido,0.38,-0.09999999999999998,2,stereo_ir,True,-0.0026414974563285787,0.0021260983213608198,-0.004454445264346241,0.005598203774152946,5.081303999759257
ruido,0.38,0.0,0,median,True,-0.014101711348960433,0.004460387579169882,0.028698936012384935,0.03228594506234528,2.819673012709245
ruido,0.38,0.0,0,median+R,True,-0.0050673701752863565,0.003998062322774509,-0.0004415771120802603,0.006469755264002181,2.5306789902970195
ruido,0.38,0.0,0,sphere,True,0.00020052561179395578,-0.001602020748004307,0.0021651295640934265,0.002700827100599557,4.114927025511861
ruido,0.38,0.0,0,stereo_ir,True,-0.0002486062821527302,0.0017468099848099126,-0.011538277779899686,0.01167240353709056,5.126998003106564
ruido,0.38,0.0,1,median,True,-0.012862148309147892,0.004126643633596133,0.02850015954066376,0.031539231770106625,2.654132986208424
ruido,0.38,0.0,1,median+R,True,-0.0037945204960200263,0.003653042244863191,-0.0006131669450403221,0.005302742416897247,2.39060798776336
ruido,0.38,0.0,1,sphere,True,-0.0003087796372769347,-0.0008095688060636673,0.001437538955881723,0.0016784709606739528,3.932427993277088
ruido,0.38,0.0,1,stereo_ir,True,-0.0003949403506509075,0.0017365511511230405,-0.0110813100200009,0.011223502997745908,4.959156998666003
ruido,0.38,0.0,2,median,True,-0.014101981528665153,0.004443461823313736,0.029797064587188227,0.03326372339385846,3.0021159909665585
ruido,0.38,0.0,2,median+R,True,-0.005058005851737546,0.003980042287291126,0.0006644203784169633,0.00647036430536122,2.6509749877732247
ruido,0.38,0.0,2,sphere,True,0.00019881062796622828,0.0005670473524373894,0.002293702520106744,0.0023711051466441986,4.275295970728621
ruido,0.38,0.0,2,stereo_ir,True,-0.0003763572467810894,0.0017619775236738522,-0.011109191962233145,0.011254348298541413,5.373089981731027
ruido,0.38,0.09999999999999998,0,median,True,-0.012410064495323114,-0.0007973257570503406,0.02980802954308448,0.03229805031859249,2.849751996109262
ruido,0.38,0.09999999999999998,0,median+R,True,-0.0033181510263897707,0.0020987125711300902,0.0007145382033220127,0.003990649763404151,2.7374469791539013
ruido,0.38,0.09999999999999998,0,sphere,True,0.0002233753781837322,0.00025219220569702716,0.00144856430379392,0.0014872242636599971,4.1676919790916145
ruido,0.38,0.09999999999999998,0,stereo_ir,True,-0.0017665877758284987,0.0016531314486833149,-0.006574986573228525,0.00700600630848045,5.211742973187938
ruido,0.38,0.09999999999999998,1,median,True,-0.014270334383420402,0.00014826059853159657,0.02731881564074312,0.030821779842063284,2.8374149987939745
ruido,0.38,0.09999999999999998,1,median+R,True,-0.005252848773800389,0.003075061098378254,-0.001835464152228572,0.006357464089815346,2.5377840211149305
ruido,0.38,0.09999999999999998,1,sphere,True,0.0011467374292291055,0.00010967553468513302,-8.466648795424359e-05,0.0011550774297361859,4.076200013514608
ruido,0.38,0.09999999999999998,1,stereo_ir,True,-0.001838207314989515,0.001630077747372935,-0.00633339585878212,0.006793236540810271,5.100254027638584
ruido,0.38,0.09999999999999998,2,median,True,-0.012270011783912738,-0.0007872534200793341,0.02976085975506515,0.032200647982384464,2.8804310131818056
ruido,0.38,0.09999999999999998,2,median+R,True,-0.003174560248372038,0.0021086878224358674,0.0006702581073937397,0.003869579180422633,2.570387994637713
ruido,0.38,0.09999999999999998,2,sphere,True,0.00031880506170589573,0.0009030433641862151,0.0005441329504562997,0.001101455697130999,4.3105850054416806
ruido,0.38,0.09999999999999998,2,stereo_ir,True,-0.0019108496624540283,0.0015855441001970255,-0.006080984959439095,0.006568384474366186,5.380752001656219
ruido,0.38,0.20000000000000007,0,median,True,-0.006223994844051894,-0.006812434284578672,0.035649810203817855,0.03682467026693821,2.7947940106969327
ruido,0.38,0.20000000000000007,0,median+R,True,0.003094329719960154,-0.0005802265267821349,0.0067412386022581705,0.007440150343291864,2.5065399822779
ruido,0.38,0.20000000000000007,0,sphere,True,0.00038458281364217584,-0.0005926426213691549,0.001036525531629695,0.0012543980209377159,4.182442993624136
ruido,0.38,0.20000000000000007,0,stereo_ir,True,-0.011773102160812954,0.004070725852687168,-0.011604545710195202,0.017024753290332408,5.3043480147607625
ruido,0.38,0.20000000000000007,1,median,True,-0.005712550667879346,-0.006259777827414825,0.03313594426724664,0.03420246856681194,2.9030449804849923
ruido,0.38,0.20000000000000007,1,median+R,True,0.0035974052979338422,-2.571776340021259e-05,0.0042205376694269825,0.005545712262641196,2.6737049920484424
ruido,0.38,0.20000000000000007,1,sphere,True,4.808766089636762e-05,0.0018606996168469836,0.001241805593479639,0.0022375425402128813,4.169319989159703
ruido,0.38,0.20000000000000007,1,stereo_ir,True,-0.008187963496305795,0.006253815945146957,-0.022003640398805313,0.024296360856979133,5.315421964041889
ruido,0.38,0.20000000000000007,2,median,True,-0.006265207370320547,-0.006745364355079275,0.035796512023184346,0.036961372224281315,2.8091110289096832
ruido,0.38,0.20000000000000007,2,median+R,True,0.0030532878132687458,-0.0005096849442945972,0.006888079774016176,0.007551687770711045,2.4937550188042223
ruido,0.38,0.20000000000000007,2,sphere,True,0.0006946860348828743,0.0007441182734091445,0.003259318741661743,0.0034145950494356113,4.153547022724524
ruido,0.38,0.20000000000000007,2,stereo_ir,True,-0.009462286610914306,0.005426904188226805,-0.018040821897558734,0.02108215861136417,5.301521014189348
ruido,0.38,0.30000000000000004,0,median,False,nan,nan,nan,nan,1.6690589836798608
ruido,0.38,0.30000000000000004,0,median+R,False,nan,nan,nan,nan,1.6690589836798608
ruido,0.38,0.30000000000000004,0,sphere,False,nan,nan,nan,nan,1.6690589836798608
ruido,0.38,0.30000000000000004,0,stereo_ir,False,nan,nan,nan,nan,1.6690589836798608
ruido,0.38,0.30000000000000004,1,median,False,nan,nan,nan,nan,1.5231829893309623
ruido,0.38,0.30000000000000004,1,median+R,False,nan,nan,nan,nan,1.5231829893309623
ruido,0.38,0.30000000000000004,1,sphere,False,nan,nan,nan,nan,1.5231829893309623
ruido,0.38,0.30000000000000004,1,stereo_ir,False,nan,nan,nan,nan,1.5231829893309623
ruido,0.38,0.30000000000000004,2,median,False,nan,nan,nan,nan,1.5106769860722125
ruido,0.38,0.30000000000000004,2,median+R,False,nan,nan,nan,nan,1.5106769860722125
ruido,0.38,0.30000000000000004,2,sphere,False,nan,nan,nan,nan,1.5106769860722125
ruido,0.38,0.30000000000000004,2,stereo_ir,False,nan,nan,nan,nan,1.5106769860722125
ruido,0.38,0.4,0,median,True,-0.012450765118423468,-0.013092924875776402,0.02606683214057748,0.03171633603810374,3.546291991369799
ruido,0.38,0.4,0,median+R,True,-0.0033928935191018805,-4.585384360533684e-05,-0.0030544626670951924,0.0045654760093132895,3.2227969786617905
ruido,0.38,0.4,0,sphere,True,0.0006798846471494091,0.0011254952355557735,1.2803267851246858e-05,0.001314970183067241,4.690147994551808
ruido,0.38,0.4,0,stereo_ir,False,nan,nan,nan,nan,5.761424021329731
ruido,0.38,0.4,1,median,True,-0.012138427498423532,-0.013381085211476351,0.028525110789281216,0.03376502345789269,2.8828700014855713
ruido,0.38,0.4,1,median+R,True,-0.003050159489553672,-0.0003163538159450807,-0.000571357955454932,0.0031192952027403516,2.6093319756910205
ruido,0.38,0.4,1,sphere,True,0.001382748629258801,-0.0006808922371600579,-0.00023118759149320933,0.001558542817121927,4.401472979225218
ruido,0.38,0.4,1,stereo_ir,False,nan,nan,nan,nan,5.4885969730094075
ruido,0.38,0.4,2,median,True,-0.01217109246808823,-0.012904611853481074,0.027020424205801197,0.032322868424958906,3.353402018547058
ruido,0.38,0.4,2,median+R,True,-0.0030969791147740233,0.00015827167727805458,-0.0020876052586017435,0.003738238258446959,2.781270013656467
ruido,0.38,0.4,2,sphere,True,0.0003264362496342432,0.0012863003905475567,-0.0012691825293494885,0.0018362879982737,4.202881013043225
ruido,0.38,0.4,2,stereo_ir,False,nan,nan,nan,nan,5.315161019098014
oclusion,0.3,-0.4,0,median,True,0.01737454216582318,0.010660664121781849,0.034140130823844705,0.03976270875655538,2.852232981240377
oclusion,0.3,-0.4,0,median+R,True,0.025023153036171253,-0.004424110210857868,0.003867831799833521,0.0257039114117145,2.554036007495597
oclusion,0.3,-0.4,0,sphere,True,0.005695136068055662,0.0014588134847827727,-0.0015889081627653567,0.006089937665260206,3.976959007559344
oclusion,0.3,-0.4,0,stereo_ir,False,nan,nan,nan,nan,4.498508002143353
oclusion,0.3,-0.4,1,median,True,0.01751980283881399,0.010261953164394266,0.0334042672929713,0.03909087166640581,2.803403011057526
oclusion,0.3,-0.4,1,median+R,True,0.025167165000602842,-0.0048245158792405984,0.003130948394647892,0.02581598314003481,2.5299889966845512
oclusion,0.3,-0.4,1,sphere,True,-0.005709786808307082,-0.009173864886038885,0.009981480122794983,0.014710248393054626,3.9539579884149134
oclusion,0.3,-0.4,1,stereo_ir,False,nan,nan,nan,nan,4.4209929765202105
oclusion,0.3,-0.4,2,median,True,0.017691224704936837,0.010154393092325742,0.0332390244197287,0.0389990240263697,2.765776967862621
oclusion,0.3,-0.4,2,median+R,True,0.025342568077571015,-0.004931389260784347,0.0029689571485702615,0.025988056167357863,2.4781499814707786
oclusion,0.3,-0.4,2,sphere,True,0.00242711596861539,0.0013034922962669726,-0.00043923724704819644,0.002789787348657536,4.056082951137796
oclusion,0.3,-0.4,2,stereo_ir,False,nan,nan,nan,nan,4.593610967276618
oclusion,0.3,-0.30000000000000004,0,median,True,-0.028216637843837156,-0.0048415687969523,0.019234445956153867,0.034490337065127226,2.774325985228643
oclusion,0.3,-0.30000000000000004,0,median+R,True,-0.02212023600389862,-0.01707059746829659,-0.012305609347379232,0.030530937755055835,2.4640409974381328
oclusion,0.3,-0.30000000000000004,0,sphere,True,0.004252036632639511,0.0023564894560802463,-5.579326387383787e-05,0.004861683964452999,4.016898019472137
oclusion,0.3,-0.30000000000000004,0,stereo_ir,False,nan,nan,nan,nan,4.51364103355445
oclusion,0.3,-0.30000000000000004,1,median,True,-0.029499105369950096,-0.002414400243694159,0.025538048817186576,0.039092435119255156,3.0918309930711985
oclusion,0.3,-0.30000000000000004,1,median+R,True,-0.023404817951572954,-0.014644745659466718,-0.0060037334259271935,0.028254183651741496,3.0454260122496635
oclusion,0.3,-0.30000000000000004,1,sphere,True,-0.0009181652852130462,0.0060640992797554305,0.0015968150581193719,0.006337676695409562,4.322227992815897
oclusion,0.3,-0.30000000000000004,1,stereo_ir,False,nan,nan,nan,nan,4.9111139960587025
oclusion,0.3,-0.30000000000000004,2,median,True,-0.028809910378107595,-0.003651498486300586,0.022303772590492543,0.036616972143508175,2.810765989124775
oclusion,0.3,-0.30000000000000004,2,median+R,True,-0.022713508538168947,-0.015880527157644875,-0.009236282713040667,0.02921307124000118,2.5026549701578915
oclusion,0.3,-0.30000000000000004,2,sphere,True,0.00597835044917594,0.0013716561988716958,0.00844631118220851,0.01043850024705493,4.217910987790674
oclusion,0.3,-0.30000000000000004,2,stereo_ir,False,nan,nan,nan,nan,4.792545980308205
oclusion,0.3,-0.2,0,median,True,-0.02258102456327965,-0.009209304927320805,0.02697791275195982,0.03636649205002004,2.275550039485097
oclusion,0.3,-0.2,0,median+R,True,-0.016250162920347422,-0.01783838016145667,-0.0043706490853472335,0.024523013174357913,2.1964510378893465
oclusion,0.3,-0.2,0,sphere,True,0.005228300752387283,0.004053686806410162,0.007030596822573232,0.009653848826424312,3.6388100124895573
oclusion,0.3,-0.2,0,stereo_ir,False,nan,nan,nan,nan,4.152957029873505
oclusion,0.3,-0.2,1,median,True,-0.022973975791979517,-0.008754939145486251,0.028707732352829307,0.037796645618008363,2.8793920064345
oclusion,0.3,-0.2,1,median+R,True,-0.016644542176945942,-0.017385166513110673,-0.002641995816653364,0.02421290855853404,2.5259559915866703
oclusion,0.3,-0.2,1,sphere,True,-0.0006958542558291869,0.004898754747169054,0.0008785755848870203,0.0050253264845805294,4.483561991946772
oclusion,0.3,-0.2,1,stereo_ir,False,nan,nan,nan,nan,5.025238991947845
oclusion,0.3,-0.2,2,median,True,-0.022604407413428174,-0.009258848235741413,0.026877257635454677,0.03631903747578321,2.819118002662435
oclusion,0.3,-0.2,2,median+R,True,-0.016274973798394432,-0.01788907560336589,-0.004472470534028106,0.024594649636844098,2.516231994377449
oclusion,0.3,-0.2,2,sphere,True,-0.00033020812650380593,-0.0028214247094778266,-0.0035289783563181576,0.004530249776493918,4.136708012083545
oclusion,0.3,-0.2,2,stereo_ir,False,nan,nan,nan,nan,4.66799401328899
oclusion,0.3,-0.09999999999999998,0,median,True,-0.021767281959569784,-0.0062665267589402385,0.031010860301389,0.03840256994213005,2.8015630086883903
oclusion,0.3,-0.09999999999999998,0,median+R,True,-0.015383034552123365,-0.010993960516468768,-0.0002940990720269321,0.018910087628926063,2.507880999473855
oclusion,0.3,-0.09999999999999998,0,sphere,True,-0.004702453754374558,0.0011580792950987573,-0.0017394997563875414,0.005145879746772181,4.0070610120892525
oclusion,0.3,-0.09999999999999998,0,stereo_ir,False,nan,nan,nan,nan,4.508623009314761
oclusion,0.3,-0.09999999999999998,1,median,True,-0.021459067080149274,-0.006592010628900261,0.02975569146313717,0.03727394986490289,2.787579025607556
oclusion,0.3,-0.09999999999999998,1,median+R,True,-0.015073111915764714,-0.011324417921690852,-0.0015478731112923416,0.018916581489765612,2.5198500079568475
oclusion,0.3,-0.09999999999999998,1,sphere,True,0.0011159311100333302,0.0009911924537136935,0.001637407188338491,0.0022155963131991704,4.056899022543803
oclusion,0.3,-0.09999999999999998,1,stereo_ir,False,nan,nan,nan,nan,4.562561021884903
oclusion,0.3,-0.09999999999999998,2,median,True,-0.02109559920191889,-0.007136301516545637,0.028143097752084567,0.03588850869159152,3.217817982658744
oclusion,0.3,-0.09999999999999998,2,median+R,True,-0.014708518576514895,-0.011880007079670615,-0.003159547609631441,0.019169189550584435,2.86541401874274
oclusion,0.3,-0.09999999999999998,2,sphere,True,0.003814429298781563,0.00426201817355687,0.003078063792244512,0.0064953172744877455,4.368033987702802
oclusion,0.3,-0.09999999999999998,2,stereo_ir,False,nan,nan,nan,nan,4.880599008174613
oclusion,0.3,0.0,0,median,True,-0.02443240429986754,0.003750876649410234,0.029124610456123357,0.038200188346815864,2.9734850104432553
oclusion,0.3,0.0,0,median+R,True,-0.018148045673056112,0.0032255502572558718,-0.002261932406644074,0.01857073166102081,2.866519003873691
oclusion,0.3,0.0,0,sphere,True,-0.00456292983243084,0.004274077683837141,-0.003250203862374179,0.007046409997307425,4.757835995405912
oclusion,0.3,0.0,0,stereo_ir,False,nan,nan,nan,nan,5.29162201564759
oclusion,0.3,0.0,1,median,True,-0.024207655402794792,0.0035992136825189845,0.028063029048639332,0.037235715631872404,3.999173000920564
oclusion,0.3,0.0,1,median+R,True,-0.01792289686582832,0.0030687835560202353,-0.003323187190200194,0.018484892146775688,4.040536005049944
oclusion,0.3,0.0,1,sphere,True,0.003283565411886624,0.0013063611861520233,0.002162203857674183,0.00414288629882161,5.192523007281125
oclusion,0.3,0.0,1,stereo_ir,False,nan,nan,nan,nan,5.778118997113779
oclusion,0.3,0.0,2,median,True,-0.02425072441197268,0.0036223366595470197,0.028552929018736295,0.037636268584033926,2.8836650017183274
oclusion,0.3,0.0,2,median+R,True,-0.017964160238732096,0.0030924981742699136,-0.002831812478828133,0.01844705287995762,2.5600029912311584
oclusion,0.3,0.0,2,sphere,True,0.0002963482008325191,-0.001563081693666063,0.00025172058993727653,0.0016107171982098563,4.204305005259812
oclusion,0.3,0.0,2,stereo_ir,False,nan,nan,nan,nan,4.729215987026691
oclusion,0.34,-0.4,0,median,True,-0.028860850655036907,-0.0010224452780317472,0.026412022399085355,0.03913552123185151,2.8182579844724387
oclusion,0.34,-0.4,0,median+R,True,-0.02146322936496492,-0.01649899472450267,-0.004065270675505439,0.027375417208827774,2.5074940058402717
oclusion,0.34,-0.4,0,sphere,True,0.0021240481469239625,0.002214366024508918,0.005138672995810167,0.005985061200925116,3.980781009886414
oclusion,0.34,-0.4,0,stereo_ir,False,nan,nan,nan,nan,4.505251010414213
oclusion,0.34,-0.4,1,median,True,-0.02828283384167546,-0.002444070331691306,0.02328627930058169,0.0367170665163596,2.8163949900772423
oclusion,0.34,-0.4,1,median+R,True,-0.020890768314816677,-0.017916820831780422,-0.007195551406223966,0.028446662889363334,2.494593005394563
oclusion,0.34,-0.4,1,sphere,True,-0.008392349662078469,-0.005989850732449509,-0.009636292458812257,0.014112688510676357,3.9658239984419197
oclusion,0.34,-0.4,1,stereo_ir,False,nan,nan,nan,nan,4.480793984839693
oclusion,0.34,-0.4,2,median,True,-0.028604057559999674,-0.0016601346270765927,0.024960380307519014,0.03799958869477111,2.7646090020425618
oclusion,0.34,-0.4,2,median+R,True,-0.021209380322848748,-0.0171342332408827,-0.0055193173024822295,0.027818745944375226,2.490750979632139
oclusion,0.34,-0.4,2,sphere,True,-0.0022721789138139825,-0.005978338951029893,-0.0033316322707116486,0.0072113179944466015,3.8573409838136286
oclusion,0.34,-0.4,2,stereo_ir,False,nan,nan,nan,nan,4.379168996820226
oclusion,0.34,-0.30000000000000004,0,median,True,-0.02624577062815775,-0.004678865540057364,0.025659445535030523,0.03700188378681553,2.8383870085235685
oclusion,0.34,-0.30000000000000004,0,median+R,True,-0.018773301650106433,-0.016557980002406436,-0.004756716194113331,0.025479990297433797,2.5305520102847368
oclusion,0.34,-0.30000000000000004,0,sphere,True,-0.0022777774588716437,-0.004761080656523253,-0.003941337648117993,0.006587131517324967,3.956180007662624
oclusion,0.34,-0.30000000000000004,0,stereo_ir,False,nan,nan,nan,nan,4.4839200272690505
oclusion,0.34,-0.30000000000000004,1,median,True,-0.025958949801989706,-0.00513146498695799,0.024547036298718905,0.03609371134678756,2.7884510054718703
oclusion,0.34,-0.30000000000000004,1,median+R,True,-0.018486065877021896,-0.017011115208218464,-0.005868786525323633,0.02579835900821397,2.4879050033632666
oclusion,0.34,-0.30000000000000004,1,sphere,True,0.0065439813897753,-0.005811214901524364,0.007581242417130762,0.011578823241103863,3.928785998141393
oclusion,0.34,-0.30000000000000004,1,stereo_ir,False,nan,nan,nan,nan,4.465941019589081
oclusion,0.34,-0.30000000000000004,2,median,True,-0.02599921141684919,-0.005146592715696785,0.024565784636510712,0.03613757304643894,2.7833940112031996
oclusion,0.34,-0.30000000000000004,2,median+R,True,-0.018527420999049138,-0.017027418455039245,-0.005850931302151863,0.0258346996348229,2.4777789949439466
oclusion,0.34,-0.30000000000000004,2,sphere,True,0.002430325001160527,0.003433037834459418,0.0012230966479003236,0.004380433060120967,3.9724930247757584
oclusion,0.34,-0.30000000000000004,2,stereo_ir,False,nan,nan,nan,nan,4.4908300042152405
oclusion,0.34,-0.2,0,median,True,-0.020652294849224873,-0.010035260182279404,0.02963923013026526,0.03749276853181406,2.806220989441499
oclusion,0.34,-0.2,0,median+R,True,-0.012978148739485051,-0.01841977027996,-0.0006122131588198743,0.022540964638243136,2.4788249866105616
oclusion,0.34,-0.2,0,sphere,True,0.0029444118126274454,0.002443567426390736,0.0038324490586647553,0.005415556155827234,3.931933984858915
oclusion,0.34,-0.2,0,stereo_ir,False,nan,nan,nan,nan,4.466819984372705
oclusion,0.34,-0.2,1,median,True,-0.0204868636892806,-0.00984802280008179,0.028721044203710466,0.03662776975254684,2.878846018575132
oclusion,0.34,-0.2,1,median+R,True,-0.012814775605414164,-0.018216738900845186,-0.0015320799641567184,0.02232521711014822,2.5283819995820522
oclusion,0.34,-0.2,1,sphere,True,0.000667390769334586,-0.00133148928717447,-0.001764024689495658,0.0023086916784195418,3.9989890065044165
oclusion,0.34,-0.2,1,stereo_ir,False,nan,nan,nan,nan,4.5481150154955685
oclusion,0.34,-0.2,2,median,True,-0.02097025068171371,-0.00898586402292284,0.03014130751112598,0.03780205793832702,2.9933979676570743
oclusion,0.34,-0.2,2,median+R,True,-0.013301926759159588,-0.017338124593117676,-0.00011489101016104453,0.02185326108059696,2.8659459785558283
oclusion,0.34,-0.2,2,sphere,True,0.0018391772280219043,-0.0018634888545998596,0.0007414453042206004,0.002721195459066293,4.253630992025137
oclusion,0.34,-0.2,2,stereo_ir,False,nan,nan,nan,nan,4.802768991794437
oclusion,0.34,-0.09999999999999998,0,median,True,-0.018557006423397804,-0.007125716091674977,0.03075471523313389,0.03661954159036321,3.36004703422077
oclusion,0.34,-0.09999999999999998,0,median+R,True,-0.010810307857008705,-0.011715324443652211,0.0005625286747530378,0.015950800020477295,2.7613959973677993
oclusion,0.34,-0.09999999999999998,0,sphere,True,0.000669017245061243,-0.0024305380127969123,-0.0006688912923081825,0.002608163082854638,4.393626004457474
oclusion,0.34,-0.09999999999999998,0,stereo_ir,False,nan,nan,nan,nan,5.075388005934656
oclusion,0.34,-0.09999999999999998,1,median,True,-0.018834403784946663,-0.006981197227103789,0.03117286552133436,0.03708395104987239,2.8363390010781586
oclusion,0.34,-0.09999999999999998,1,median+R,True,-0.011092887836875065,-0.011568465767244726,0.0009764460943206821,0.016057241598248374,2.5670120085123926
oclusion,0.34,-0.09999999999999998,1,sphere,True,0.0019405620848223504,-0.00040548610195238755,0.0021664608094492666,0.0029366226558422827,4.078112018760294
oclusion,0.34,-0.09999999999999998,1,stereo_ir,False,nan,nan,nan,nan,4.641046019969508
oclusion,0.34,-0.09999999999999998,2,median,True,-0.018659052009371957,-0.0070652581727750075,0.03115243038143678,0.0369939456344775,2.7860190311912447
oclusion,0.34,-0.09999999999999998,2,median+R,True,-0.010912353442982803,-0.011654866524752241,0.0009602438230558175,0.015994919179979805,2.4912260414566845
oclusion,0.34,-0.09999999999999998,2,sphere,True,-0.0030926793237394112,-0.0011292670082765216,0.000421575209516023,0.0033192823068768263,3.984912997111678
oclusion,0.34,-0.09999999999999998,2,stereo_ir,False,nan,nan,nan,nan,4.601797991199419
oclusion,0.34,0.0,0,median,True,-0.02006550430827586,0.003783998967238151,0.030980994701046316,0.03710478599851718,2.8510320116765797
oclusion,0.34,0.0,0,median+R,True,-0.012363031914296219,0.0032781339744322596,0.0007526867139835414,0.012812386887603777,2.550828008679673
oclusion,0.34,0.0,0,sphere,True,0.006689668674467353,-0.0009597969310645611,0.007100941740536659,0.009802869514867906,4.100503982044756
oclusion,0.34,0.0,0,stereo_ir,False,nan,nan,nan,nan,4.723905003629625
oclusion,0.34,0.0,1,median,True,-0.020371334519728723,0.003697905473571097,0.03126037631425482,0.03749502503419597,2.8355639951769263
oclusion,0.34,0.0,1,median+R,True,-0.012676029088887819,0.003188593050756843,0.0010262147582807968,0.013111138617060621,2.533410006435588
oclusion,0.34,0.0,1,sphere,True,-0.003123724422213703,0.0015270107720363746,-0.002607511133806528,0.004346093703174664,4.0403520106337965
oclusion,0.34,0.0,1,stereo_ir,False,nan,nan,nan,nan,4.590925993397832
oclusion,0.34,0.0,2,median,True,-0.02058777324096167,0.0035008719595030734,0.03230634519530351,0.03846833049894682,2.822076960001141
oclusion,0.34,0.0,2,median+R,True,-0.012890944983403985,0.0029836497410218113,0.002073427397802141,0.013393197135717985,2.5324179732706398
oclusion,0.34,0.0,2,sphere,True,0.0017114118152447566,0.004475241741888673,0.0035541157653130595,0.005965606249405751,3.9791269809938967
oclusion,0.34,0.0,2,stereo_ir,False,nan,nan,nan,nan,4.6151839778758585
oclusion,0.38,-0.4,0,median,True,0.01978008859643121,0.012269087691215208,0.03324765971467214,0.04058557987955857,2.765651006484404
oclusion,0.38,-0.4,0,median+R,True,0.029790975575689105,-0.0017830776718147368,0.004904733804954153,0.030244635977847198,2.5140689976979047
oclusion,0.38,-0.4,0,sphere,True,0.005864658330136163,-0.006509767661012911,0.0011590261674080393,0.008838248355095118,3.8577500090468675
oclusion,0.38,-0.4,0,stereo_ir,False,nan,nan,nan,nan,4.39851000555791
oclusion,0.38,-0.4,1,median,True,0.018883311273634296,0.01339808953521976,0.03567397653755233,0.042529058887454396,2.8264049906283617
oclusion,0.38,-0.4,1,median+R,True,0.028893124212197807,-0.0006570826088700965,0.007330173412325114,0.029815697653268632,2.5092290015891194
oclusion,0.38,-0.4,1,sphere,True,-0.0051374420544682,-0.0008339530007810403,0.008246243804426179,0.009751375562071604,3.871895984048024
oclusion,0.38,-0.4,1,stereo_ir,False,nan,nan,nan,nan,4.377239994937554
oclusion,0.38,-0.4,2,median,True,0.019334423675928192,0.013004481128645273,0.034533297867004875,0.04165915421461251,2.811231999658048
oclusion,0.38,-0.4,2,median+R,True,0.02934553788802119,-0.00104418904529624,0.006190557548175768,0.03000956393313438,2.5596459745429456
oclusion,0.38,-0.4,2,sphere,True,-0.0059139109743283624,0.002774203986126156,0.006696532528078891,0.009354897042113203,3.9995860133785754
oclusion,0.38,-0.4,2,stereo_ir,False,nan,nan,nan,nan,4.520041024079546
oclusion,0.38,-0.30000000000000004,0,median,True,-0.02455049463735659,-0.005647888227109044,0.02802168542548389,0.0376807680713858,2.7865860029123724
oclusion,0.38,-0.30000000000000004,0,median+R,True,-0.015820024951286316,-0.017193307088951726,-0.0013670126914856473,0.023404096261402663,2.489199017873034
oclusion,0.38,-0.30000000000000004,0,sphere,True,0.003317775511620713,0.0052674725707617664,0.00458601218725696,0.007732102522012174,3.90394200803712
oclusion,0.38,-0.30000000000000004,0,stereo_ir,False,nan,nan,nan,nan,4.42052201833576
oclusion,0.38,-0.30000000000000004,1,median,True,-0.023626607975636815,-0.0069402051976748536,0.024593920873961173,0.03480293086185302,2.795687993057072
oclusion,0.38,-0.30000000000000004,1,median+R,True,-0.014898841288883191,-0.018484559633569653,-0.004796984899509749,0.02422117835127861,2.486351993866265
oclusion,0.38,-0.30000000000000004,1,sphere,True,0.005809385837902914,-0.0019451049122218844,0.0021464804030905116,0.0064915156207181884,4.319876985391602
oclusion,0.38,-0.30000000000000004,1,stereo_ir,False,nan,nan,nan,nan,4.839379980694503
oclusion,0.38,-0.30000000000000004,2,median,True,-0.024143559687550442,-0.006234069092365402,0.026674162398634516,0.036514189454285084,2.881069027353078
oclusion,0.38,-0.30000000000000004,2,median+R,True,-0.015412899755060105,-0.017781453048265672,-0.002714380335851807,0.02368766370866632,2.5541590293869376
oclusion,0.38,-0.30000000000000004,2,sphere,True,0.0035569862316980894,0.005458772760641273,0.00486734144183365,0.008132734092308698,4.154083027970046
oclusion,0.38,-0.30000000000000004,2,stereo_ir,False,nan,nan,nan,nan,4.630357027053833
oclusion,0.38,-0.2,0,median,True,-0.019685828109841985,-0.007720521703183936,0.029008017733418545,0.0358971221208874,2.7063650195486844
oclusion,0.38,-0.2,0,median+R,True,-0.010807497423616641,-0.015743749361399717,-0.0002599159067502299,0.019098041805238466,2.4563820043113083
oclusion,0.38,-0.2,0,sphere,True,0.005143158777069057,0.004035753396234687,0.0052111197656840025,0.008360332343493575,3.94904101267457
oclusion,0.38,-0.2,0,stereo_ir,False,nan,nan,nan,nan,4.506140016019344
oclusion,0.38,-0.2,1,median,True,-0.01949775560043654,-0.007905330924139753,0.02801463493892764,0.035035360726498876,2.6046709972433746
oclusion,0.38,-0.2,1,median+R,True,-0.010622655108260992,-0.015926167945352676,-0.0012559369404927523,0.01918491606891041,2.1827919990755618
oclusion,0.38,-0.2,1,sphere,True,0.00293369802535004,0.0020489609804386633,0.00034081820530273976,0.003594576783484903,3.7375469983089715
oclusion,0.38,-0.2,1,stereo_ir,False,nan,nan,nan,nan,4.269741999451071
oclusion,0.38,-0.2,2,median,True,-0.02035425481999531,-0.006849865764910645,0.03091820802868317,0.03764507853597234,2.4099579895846546
oclusion,0.38,-0.2,2,median+R,True,-0.01147847055348361,-0.014861271847309343,0.0016481946173504403,0.018850178584392314,2.3433110036421567
oclusion,0.38,-0.2,2,sphere,True,0.004130874027237663,0.00437598271284001,0.007393584384304153,0.009533018146411321,3.995109989773482
oclusion,0.38,-0.2,2,stereo_ir,False,nan,nan,nan,nan,4.514600004767999
oclusion,0.38,-0.09999999999999998,0,median,True,-0.016119262198350026,-0.006140110105506302,0.03273685212508881,0.03700314923066452,2.985894010635093
oclusion,0.38,-0.09999999999999998,0,median+R,True,-0.007106703858791752,-0.010548158102540131,0.003578548017453831,0.013212678948872228,2.5895530125126243
oclusion,0.38,-0.09999999999999998,0,sphere,True,0.0016248057824262974,0.001520176721586497,0.0009557271326249284,0.002421641064958816,4.081211023731157
oclusion,0.38,-0.09999999999999998,0,stereo_ir,False,nan,nan,nan,nan,4.662804014515132
oclusion,0.38,-0.09999999999999998,1,median,True,-0.016181367468813157,-0.006337440936970862,0.032719332068479656,0.03704800266948004,2.7969950169790536
oclusion,0.38,-0.09999999999999998,1,median+R,True,-0.007170731235646932,-0.01075266734465359,0.0035594580933843156,0.013405557929352338,2.501959999790415
oclusion,0.38,-0.09999999999999998,1,sphere,True,0.0011042281647152263,5.823884493802445e-05,0.0013220472347443835,0.0017235197978861,3.8976370124146342
oclusion,0.38,-0.09999999999999998,1,stereo_ir,False,nan,nan,nan,nan,4.417146003106609
oclusion,0.38,-0.09999999999999998,2,median,True,-0.015751601113311642,-0.006518334229288353,0.03173600952261646,0.036024657100064056,2.278539992403239
oclusion,0.38,-0.09999999999999998,2,median+R,True,-0.006737385022966391,-0.010934257496396052,0.002579059371780379,0.01309969049971614,2.20637398888357
oclusion,0.38,-0.09999999999999998,2,sphere,True,0.004736857005521844,0.0003849790738619935,0.004063181509088687,0.006252636816085933,4.025957023259252
oclusion,0.38,-0.09999999999999998,2,stereo_ir,False,nan,nan,nan,nan,4.5598450233228505
oclusion,0.38,0.0,0,median,True,-0.01708395550369024,0.003173085059896018,0.03478327640363288,0.038881953678035874,2.28656898252666
oclusion,0.38,0.0,0,median+R,True,-0.008080878764467725,0.002660881030721587,0.005617228262732921,0.010194809602014396,2.224253985332325
oclusion,0.38,0.0,0,sphere,True,0.0011797452415301946,-0.005944603979467621,0.00439523625665561,0.007486535718170016,3.6893390060868114
oclusion,0.38,0.0,0,stereo_ir,False,nan,nan,nan,nan,4.221342009259388
oclusion,0.38,0.0,1,median,True,-0.017494310360249066,0.0031919762195566966,0.03580956211693098,0.039982050299769166,2.259807020891458
oclusion,0.38,0.0,1,median+R,True,-0.008493908496289282,0.0026797648930177442,0.006641329289661657,0.011110124938942112,2.2042859927751124
oclusion,0.38,0.0,1,sphere,True,-0.000575267763224363,-0.000302134108463855,0.0026419518855296253,0.0027206851681802423,3.803461993811652
oclusion,0.38,0.0,1,stereo_ir,False,nan,nan,nan,nan,4.328049981268123
oclusion,0.38,0.0,2,median,True,-0.01618158143850179,0.0032834097118269023,0.030909025854618966,0.035042720163652945,2.2828630171716213
oclusion,0.38,0.0,2,median+R,True,-0.007186848456755768,0.002777434031367829,0.0017361630059518074,0.007898049918948886,2.208082005381584
oclusion,0.38,0.0,2,sphere,True,-0.00597047943822393,-0.0017754519643125577,-0.004464703036451079,0.00766370847589674,4.507435020059347
oclusion,0.38,0.0,2,stereo_ir,False,nan,nan,nan,nan,5.0427530077286065
