method,t,x_joint,ok,dt_ms,gt_x,gt_y,gt_z,est_x,est_y,est_z,err_x,err_y,err_z,score,label
A (color),0.0,-0.52,True,6.01,0.34,-0.55,0.864,0.3295781167203423,-0.5336782245509999,0.8919755270787029,-0.010421883279657707,0.016321775449000153,0.027975527078702878,756.5,color
B (YOLO/cpu),0.0,-0.52,True,122.08,0.34,-0.55,0.864,0.33348302083440096,-0.5347724908748351,0.8930814858975997,-0.006516979165599068,0.015227509125164906,0.029081485897599735,0.38370826840400696,orange
A (color),0.4000000000000003,-0.5154159792437785,True,5.32,0.34,-0.5454392930656706,0.864,0.3301546756075487,-0.5277464785193892,0.8922298662653051,-0.009845324392451338,0.017692814546281466,0.028229866265305104,750.5,color
B (YOLO/cpu),0.4000000000000003,-0.5154159792437785,False,154.17,0.34,-0.5454392930656706,0.864,,,,,,,,
A (color),0.8000000000000006,-0.5107532148660879,True,2.33,0.34,-0.5407765286879728,0.864,0.32899985619079253,-0.5242001186077918,0.89240203577372,-0.011000143809207497,0.01657641008018096,0.028402035773720025,727.0,color
B (YOLO/cpu),0.8000000000000006,-0.5107532148660879,True,74.86,0.34,-0.5407765286879728,0.864,0.33383696861378975,-0.5259012207863437,0.8934155141668914,-0.0061630313862102715,0.014875307901629053,0.029415514166891366,0.32491424679756165,orange
A (color),1.2000000000000008,-0.5060904504898771,True,2.35,0.34,-0.5361137643117545,0.864,0.32979090530367416,-0.5186000559500663,0.8920561238988292,-0.01020909469632586,0.017513708361688196,0.028056123898829166,742.0,color
B (YOLO/cpu),1.2000000000000008,-0.5060904504898771,False,138.72,0.34,-0.5361137643117545,0.864,,,,,,,,
A (color),1.6000000000000012,-0.5014276861151412,True,4.85,0.34,-0.5314509999370113,0.864,0.32874151153907927,-0.514537968309788,0.8921325460079715,-0.011258488460920757,0.01691303162722324,0.02813254600797155,724.0,color
B (YOLO/cpu),1.6000000000000012,-0.5014276861151412,False,129.94,0.34,-0.5314509999370113,0.864,,,,,,,,
A (color),2.0000000000000013,-0.49676492174188436,True,2.38,0.34,-0.526788235563747,0.864,0.3297931464684489,-0.5093540469447759,0.8922478111371094,-0.010206853531551152,0.017434188618971058,0.02824781113710939,731.0,color
B (YOLO/cpu),2.0000000000000013,-0.49676492174188436,True,96.14,0.34,-0.526788235563747,0.864,0.3335350540126079,-0.5118945527469803,0.8931186735046812,-0.006464945987392112,0.014893682816766729,0.029118673504681225,0.323483407497406,orange
A (color),2.401999999999957,-0.4920788435482506,True,3.39,0.34,-0.5221021573701058,0.864,0.3294237568034003,-0.5048248195930449,0.8923971687687411,-0.010576243196599722,0.017277337777060864,0.0283971687687411,736.5,color
B (YOLO/cpu),2.401999999999957,-0.4920788435482506,True,103.93,0.34,-0.5221021573701058,0.864,0.33375236583317835,-0.5069208906655271,0.8933908974662675,-0.0062476341668216695,0.015181266704578644,0.02939089746626755,0.3064863085746765,orange
A (color),2.801999999999913,-0.48741607917795704,True,2.41,0.34,-0.5174393929998048,0.864,0.3304818514639656,-0.49996741810488027,0.8924315932046374,-0.009518148536034443,0.017471974894924525,0.028431593204637395,749.5,color
B (YOLO/cpu),2.801999999999913,-0.48741607917795704,True,78.94,0.34,-0.5174393929998048,0.864,0.33381755935111346,-0.5031905129644123,0.89342398068904,-0.006182440648886567,0.014248880035392486,0.029423980689040063,0.3165212869644165,orange
A (color),3.201999999999869,-0.48275331480914124,True,2.48,0.34,-0.5127766286309816,0.864,0.3296121342322088,-0.4950514858952935,0.8923276910077849,-0.010387865767791216,0.017725142735688093,0.028327691007784872,728.5,color
B (YOLO/cpu),3.201999999999869,-0.48275331480914124,True,91.96,0.34,-0.5127766286309816,0.864,0.33370175555235604,-0.4978147892817179,0.8940851318327118,-0.006298244447643986,0.014961839349263706,0.030085131832711776,0.31026217341423035,orange
A (color),3.601999999999825,-0.4780905504418037,True,2.42,0.34,-0.5081138642636367,0.864,0.32954874093535474,-0.49073730357754713,0.892091214401085,-0.01045125906464528,0.01737656068608956,0.028091214401084974,724.0,color
B (YOLO/cpu),3.601999999999825,-0.4780905504418037,True,140.70,0.34,-0.5081138642636367,0.864,0.33334359534763125,-0.49358396006550914,0.8939243599606428,-0.006656404652368775,0.014529904198127552,0.0299243599606428,0.41597670316696167,orange
A (color),4.001999999999781,-0.47342778607594405,True,6.23,0.34,-0.5034510998977697,0.864,0.3308258272174512,-0.4857008799699692,0.8925202905888313,-0.00917417278254884,0.017750219927800515,0.02852029058883132,759.5,color
B (YOLO/cpu),4.001999999999781,-0.47342778607594405,True,133.60,0.34,-0.5034510998977697,0.864,0.3333833064452627,-0.48851060531916907,0.8940159748695492,-0.0066166935547373185,0.014940494578600638,0.03001597486954921,0.36481866240501404,orange
A (color),4.401999999999737,-0.46876502171156187,True,2.39,0.34,-0.4987883355333801,0.864,0.32930513293504293,-0.4816787615612948,0.8921754567287138,-0.010694867064957092,0.01710957397208529,0.0281754567287138,712.0,color
B (YOLO/cpu),4.401999999999737,-0.46876502171156187,True,88.89,0.34,-0.4987883355333801,0.864,0.33338862475903597,-0.48432340273201974,0.8939378959424717,-0.006611375240964057,0.014464932801360353,0.02993789594247176,0.509973406791687,orange
A (color),4.801999999999693,-0.46410225734865784,True,2.72,0.34,-0.49412557117046874,0.864,0.3301875427382923,-0.4769094032938688,0.8922380863002068,-0.009812457261707708,0.017216167876599908,0.028238086300206855,742.0,color
B (YOLO/cpu),4.801999999999693,-0.46410225734865784,True,83.44,0.34,-0.49412557117046874,0.864,0.33357466704817496,-0.47953456769341957,0.8936060062263921,-0.006425332951825069,0.01459100347704917,0.02960600622639209,0.5254339575767517,orange
A (color),5.201999999999649,-0.4594394929872317,True,2.46,0.34,-0.4894628068090352,0.864,0.3296270484088013,-0.47216869110314713,0.892506949107679,-0.01037295159119872,0.01729411570588807,0.028506949107679036,722.5,color
B (YOLO/cpu),5.201999999999649,-0.4594394929872317,True,75.38,0.34,-0.4894628068090352,0.864,0.3333397472681848,-0.47454793401649753,0.8934228333949944,-0.006660252731815197,0.01491487279253767,0.029422833394994408,0.3899357318878174,orange
A (color),5.601999999999605,-0.4547767286272827,True,7.41,0.34,-0.4848000424490787,0.864,0.33027635290284896,-0.4678320469867006,0.8925518865084762,-0.009723647097151067,0.016967995462378094,0.028551886508476176,753.0,color
B (YOLO/cpu),5.601999999999605,-0.4547767286272827,True,129.19,0.34,-0.4848000424490787,0.864,0.33306936681067856,-0.47018047707926713,0.8940086047049524,-0.006930633189321467,0.014619565369811571,0.03000860470495237,0.3812476694583893,orange
A (color),6.001999999999561,-0.4501139642688119,True,6.33,0.34,-0.4801372780906006,0.864,0.3296958519966703,-0.4629318926659617,0.892479874806751,-0.010304148003329738,0.017205385424638897,0.02847987480675096,731.5,color
B (YOLO/cpu),6.001999999999561,-0.4501139642688119,True,148.71,0.34,-0.4801372780906006,0.864,0.33297381871990406,-0.4661254603157692,0.8949132503725907,-0.007026181280095967,0.014011817774831403,0.03091325037259074,0.45788514614105225,orange
A (color),6.401999999999517,-0.4454511999118194,True,2.60,0.34,-0.4754745137336007,0.864,0.3318652995269311,-0.4621171943501962,0.8978893570107169,-0.008134700473068912,0.013357319383404509,0.033889357010716936,888.0,color
B (YOLO/cpu),6.401999999999517,-0.4454511999118194,True,102.76,0.34,-0.4754745137336007,0.864,0.3330408248142163,-0.4611381666331877,0.8950028393795272,-0.006959175185783706,0.014336347100413038,0.03100283937952719,0.30048471689224243,orange
A (color),6.801999999999473,-0.44078843555630387,True,3.08,0.34,-0.4708117493780778,0.864,0.3302983683225075,-0.4535508934050467,0.8926574463022975,-0.00970163167749255,0.01726085597303112,0.028657446302297496,748.5,color
B (YOLO/cpu),6.801999999999473,-0.44078843555630387,True,80.48,0.34,-0.4708117493780778,0.864,0.3330015800835604,-0.45566948303699223,0.8941302450533007,-0.006998419916439624,0.015142266341085564,0.030130245053300753,0.2805826961994171,orange
A (color),7.201999999999429,-0.43612567120226686,True,2.40,0.34,-0.46614898502403335,0.864,0.32891973427888715,-0.44979249287624834,0.8924121700530732,-0.01108026572111287,0.016356492147785007,0.02841217005307317,710.5,color
B (YOLO/cpu),7.201999999999429,-0.43612567120226686,True,80.80,0.34,-0.46614898502403335,0.864,0.33318067352457087,-0.45190316521375634,0.8948745634314577,-0.006819326475429155,0.014245819810277005,0.03087456343145767,0.36919423937797546,orange
A (color),7.601999999999385,-0.4314629068497075,True,6.24,0.34,-0.4614862206714666,0.864,0.3294213987366559,-0.4445656601374509,0.8925842530714052,-0.010578601263344145,0.016920560534015694,0.02858425307140522,726.5,color
B (YOLO/cpu),7.601999999999385,-0.4314629068497075,True,135.63,0.34,-0.4614862206714666,0.864,0.33328803124909256,-0.4469309371929236,0.8944461629876537,-0.00671196875090746,0.014555283478543013,0.03044616298765368,0.2983350157737732,orange
A (color),8.001999999999342,-0.4268001424986257,True,2.77,0.34,-0.45682345632037746,0.864,0.3294665039207214,-0.4403375058816741,0.8927119035346834,-0.010533496079278615,0.01648595043870338,0.028711903534683447,720.0,color
B (YOLO/cpu),8.001999999999342,-0.4268001424986257,True,92.25,0.34,-0.45682345632037746,0.864,0.3331025594810386,-0.44242494232371393,0.8940245556030357,-0.006897440518961406,0.014398513996663531,0.03002455560303574,0.2858983278274536,orange
A (color),8.401999999999475,-0.4221373781490221,True,2.31,0.34,-0.45216069197076647,0.864,0.33001575277823325,-0.4352821096083082,0.8926017026958427,-0.009984247221766773,0.01687858236245826,0.028601702695842723,745.5,color
B (YOLO/cpu),8.401999999999475,-0.4221373781490221,True,73.43,0.34,-0.45216069197076647,0.864,0.33297451946554124,-0.4378800425694604,0.8950034794311275,-0.007025480534458783,0.014280649401306078,0.031003479431127468,0.38042306900024414,orange
A (color),8.801999999999609,-0.4174746138008964,True,5.74,0.34,-0.4474979276226333,0.864,0.3298046600063808,-0.430692499674805,0.8928341731101553,-0.010195339993619212,0.0168054279478283,0.028834173110155348,738.0,color
B (YOLO/cpu),8.801999999999609,-0.4174746138008964,True,136.15,0.34,-0.4474979276226333,0.864,0.3330205990469119,-0.4331501805286034,0.8956265384297764,-0.006979400953088133,0.014347747094029917,0.03162653842977636,0.4375000596046448,orange
A (color),9.201999999999742,-0.41281184945424804,True,2.72,0.34,-0.4428351632759776,0.864,0.32992290242572997,-0.42602764018507694,0.8925534959204524,-0.010077097574270055,0.016807523090900667,0.02855349592045242,739.5,color
B (YOLO/cpu),9.201999999999742,-0.41281184945424804,True,82.76,0.34,-0.4428351632759776,0.864,0.33305100164738155,-0.4294215075681292,0.8947761197793205,-0.006948998352618474,0.013413655707848415,0.030776119779320488,0.440599262714386,orange
A (color),9.601999999999876,-0.40814908510907755,True,2.40,0.34,-0.43817239893079973,0.864,0.3295140938555614,-0.42153435059523064,0.8927466165311353,-0.010485906144438617,0.01663804833556909,0.028746616531135305,727.5,color
B (YOLO/cpu),9.601999999999876,-0.40814908510907755,True,85.88,0.34,-0.43817239893079973,0.864,0.33292751893715977,-0.42489133306674415,0.8948625062975545,-0.007072481062840252,0.013281065864055586,0.030862506297554493,0.5068777203559875,orange
A (color),10.000000000000009,-0.4035096345871,True,2.74,0.34,-0.43353294840881484,0.864,0.3297187142634419,-0.4166806299525206,0.8926919442853417,-0.010281285736558121,0.016852318456294257,0.02869194428534172,734.5,color
B (YOLO/cpu),10.000000000000009,-0.4035096345871,True,107.21,0.34,-0.43353294840881484,0.864,0.33313597212764434,-0.4195113603070383,0.8951164899577139,-0.0068640278723556825,0.014021588101776561,0.031116489957713878,0.42769432067871094,orange
A (color),10.400000000000142,-0.3988468702448776,True,2.39,0.34,-0.42887018406658506,0.864,0.33008430433783875,-0.4119363524511062,0.8929711439596527,-0.009915695662161272,0.016933831615478845,0.028971143959652723,742.0,color
B (YOLO/cpu),10.400000000000142,-0.3988468702448776,True,78.19,0.34,-0.42887018406658506,0.864,0.3332905884155546,-0.4157744557726553,0.8942677836991569,-0.006709411584445435,0.013095728293929743,0.030267783699156947,0.33005163073539734,orange
A (color),10.800000000000276,-0.3941841059041336,True,5.40,0.34,-0.42420741972583365,0.864,0.3324584556203952,-0.4109273629318286,0.898117926026668,-0.007541544379604803,0.013280056794005068,0.034117926026667966,907.5,color
B (YOLO/cpu),10.800000000000276,-0.3941841059041336,True,126.06,0.34,-0.42420741972583365,0.864,0.33310530225079066,-0.4110652590831771,0.8946192227819387,-0.006894697749209366,0.013142160642656553,0.030619222781938737,0.31545212864875793,orange
A (color),11.20000000000041,-0.38952134156486756,True,2.42,0.34,-0.41954465538656016,0.864,0.33205368080297015,-0.40612266573240796,0.8979885755683756,-0.007946319197029872,0.0134219896541522,0.033988575568375645,881.0,color
B (YOLO/cpu),11.20000000000041,-0.38952134156486756,True,75.67,0.34,-0.41954465538656016,0.864,0.3328000208509496,-0.4062913195311399,0.8956523237949751,-0.007199979149050406,0.013253335855420267,0.03165232379497507,0.5120721459388733,orange
A (color),11.600000000000543,-0.38485857722707867,True,2.58,0.34,-0.41488189104876394,0.864,0.33222900332542527,-0.40173414050962897,0.8980092510218188,-0.007770996674574759,0.013147750539134972,0.03400925102181884,907.5,color
B (YOLO/cpu),11.600000000000543,-0.38485857722707867,False,75.75,0.34,-0.41488189104876394,0.864,,,,,,,,
A (color),12.000000000000677,-0.3801958128907682,True,2.38,0.34,-0.4102191267124461,0.864,0.33204371521261095,-0.3970437472441075,0.8979382629454123,-0.007956284787389079,0.013175379468338577,0.033938262945412356,873.0,color
B (YOLO/cpu),12.000000000000677,-0.3801958128907682,False,90.22,0.34,-0.4102191267124461,0.864,,,,,,,,
A (color),12.40000000000081,-0.3755330485559355,True,2.74,0.34,-0.40555636237760595,0.864,0.33195057088064495,-0.39224056126281315,0.8977612183006841,-0.008049429119355078,0.013315801114792802,0.033761218300684126,879.5,color
B (YOLO/cpu),12.40000000000081,-0.3755330485559355,True,85.07,0.34,-0.40555636237760595,0.864,0.33260175112148027,-0.39334670602519095,0.8961285287560484,-0.007398248878519753,0.012209656352415,0.032128528756048436,0.36546021699905396,orange
A (color),12.800000000000944,-0.37087028422258006,True,2.74,0.34,-0.4008935980442432,0.864,0.3321705863001493,-0.38770735653392624,0.8981665569290719,-0.00782941369985074,0.013186241510316943,0.03416655692907189,878.5,color
B (YOLO/cpu),12.800000000000944,-0.37087028422258006,True,83.35,0.34,-0.4008935980442432,0.864,0.3325801222462406,-0.3888503904119412,0.8975506043682913,-0.007419877753759407,0.012043207632301989,0.03355060436829127,0.2686658799648285,orange
A (color),13.200000000001078,-0.366207519890703,True,2.37,0.34,-0.3962308337123587,0.864,0.33146398710190383,-0.38332812715308756,0.8973395623257584,-0.00853601289809619,0.012902706559271115,0.03333956232575841,848.0,color
B (YOLO/cpu),13.200000000001078,-0.366207519890703,False,79.16,0.34,-0.3962308337123587,0.864,,,,,,,,
A (color),13.600000000001211,-0.36154475556030413,True,2.71,0.34,-0.39156806938195243,0.864,0.32826949248297477,-0.377005413885505,0.8933840902339549,-0.011730507517025257,0.014562655496447419,0.02938409023395494,653.5,color
B (YOLO/cpu),13.600000000001211,-0.36154475556030413,True,87.67,0.34,-0.39156806938195243,0.864,0.33229846466984425,-0.38177435104090945,0.8999410016065819,-0.007701535330155773,0.009793718341042978,0.03594100160658187,0.2689652144908905,orange
A (color),14.000000000001345,-0.3568819912313822,True,2.67,0.34,-0.3869053050530231,0.864,0.33132708989079207,-0.376946192342433,0.8991480225857837,-0.008672910109207954,0.009959112710590134,0.035148022585783756,735.5,color
B (YOLO/cpu),14.000000000001345,-0.3568819912313822,True,81.58,0.34,-0.3869053050530231,0.864,0.33265760890371393,-0.37809331761342785,0.9014505834178369,-0.007342391096286094,0.00881198743959527,0.03745058341783691,0.2684156000614166,orange
A (color),14.400000000001478,-0.35221922690393864,True,2.68,0.34,-0.3822425407255722,0.864,0.3318716431210943,-0.3744428016807649,0.9016724340977484,-0.00812835687890573,0.007799739044807297,0.03767243409774845,666.0,color
B (YOLO/cpu),14.400000000001478,-0.35221922690393864,True,73.13,0.34,-0.3822425407255722,0.864,0.3323534054703101,-0.3752333265177868,0.9024672491753827,-0.00764659452968991,0.007009214207785386,0.03846724917538269,0.26789626479148865,orange
A (color),14.800000000001612,-0.34755646257797296,True,3.08,0.34,-0.37757977639959917,0.864,0.348986772505711,-0.36982092850270576,0.9107726203912605,0.00898677250571095,0.007758847896893406,0.04677262039126051,327.0,color
B (YOLO/cpu),14.800000000001612,-0.34755646257797296,True,73.48,0.34,-0.37757977639959917,0.864,0.3311532066358186,-0.37433733948030945,0.9030947362542755,-0.008846793364181427,0.003242436919289715,0.03909473625427551,0.4070928394794464,orange
A (color),15.200000000001745,-0.3428936982534848,True,2.31,0.34,-0.3729170120751035,0.864,0.34562912459818285,-0.3598457105089254,0.929725904242841,0.005629124598182822,0.01307130156617814,0.06572590424284097,285.0,color
B (YOLO/cpu),15.200000000001745,-0.3428936982534848,False,75.42,0.34,-0.3729170120751035,0.864,,,,,,,,
A (color),15.600000000001879,-0.3382309339304748,True,3.08,0.34,-0.36825424775208615,0.864,0.3444853815563642,-0.3559420462380597,0.9325594972790973,0.0044853815563641874,0.012312201514026455,0.06855949727909727,271.5,color
B (YOLO/cpu),15.600000000001879,-0.3382309339304748,False,92.26,0.34,-0.36825424775208615,0.864,,,,,,,,
