scenario,method,param,assist,noise,seed,side,success,t_grasp,err_close_mm,est_err_mm_mean,lift_mm,welded,dropped,d_arms_min_mm,final_phase
static,gt,-0.25,True,True,0,right,True,3.6,7.4,0.0,108.1,True,False,306.9,DONE
static,gt,-0.15,True,True,0,right,True,3.6,7.1,0.0,106.7,True,False,300.8,DONE
static,gt,-0.05,True,True,0,right,True,3.6,7.3,0.0,112.5,True,False,206.7,DONE
static,gt,0.05,True,True,0,left,True,3.6,7.3,0.0,112.9,True,False,206.7,DONE
static,gt,0.15,True,True,0,left,True,3.6,7.1,0.0,106.8,True,False,300.8,DONE
static,gt,0.25,True,True,0,left,True,3.6,7.4,0.0,108.2,True,False,306.9,DONE
static,median,-0.25,True,True,0,right,False,3.6,49.5,38.0,-825.7,False,True,307.0,RETREAT
static,median,-0.15,True,True,0,right,False,3.6,50.2,38.0,-825.7,False,True,294.7,RETREAT
static,median,-0.05,True,True,0,right,False,3.6,51.2,38.2,-0.3,False,False,199.8,FAILED
static,median,0.05,True,True,0,left,False,3.6,74.3,44.6,-0.3,False,False,141.1,FAILED
static,median,0.15,True,True,0,left,False,3.55,74.1,45.1,-0.3,False,False,237.1,FAILED
static,median,0.25,True,True,0,left,False,3.6,61.2,41.3,-365.7,False,True,307.0,RETREAT
static,median+R,-0.25,True,True,0,right,True,5.5,56.0,39.0,201.3,True,False,306.9,DONE
static,median+R,-0.15,True,True,0,right,True,5.5,49.2,35.0,209.8,True,False,307.0,DONE
static,median+R,-0.05,True,True,0,right,False,3.55,48.1,22.9,-1.3,False,False,221.6,FAILED
static,median+R,0.05,True,True,0,left,False,3.8,32.8,26.2,-1.3,False,False,173.5,FAILED
static,median+R,0.15,True,True,0,left,False,4.0,35.3,27.2,-1.3,False,False,269.8,FAILED
static,median+R,0.25,True,True,0,left,False,4.3,73.7,29.6,-0.3,False,False,306.9,FAILED
static,sphere,-0.25,True,True,0,right,True,3.6,18.8,5.0,211.7,True,False,306.9,DONE
static,sphere,-0.15,True,True,0,right,True,3.6,12.9,3.4,221.0,True,False,298.6,DONE
static,sphere,-0.05,True,True,0,right,True,3.6,9.3,2.4,233.5,True,False,204.3,DONE
static,sphere,0.05,True,True,0,left,False,3.55,24.6,9.1,-1.3,False,False,209.2,FAILED
static,sphere,0.15,True,True,0,left,True,3.6,13.3,5.0,234.6,True,False,303.1,DONE
static,sphere,0.25,True,True,0,left,True,3.55,11.3,4.0,249.7,True,False,306.9,DONE
static,stereo_ir,-0.25,True,True,0,right,False,3.75,12.5,10.5,247.9,True,False,306.8,FAILED
static,stereo_ir,-0.15,True,True,0,right,False,nan,nan,17.2,-0.8,False,False,303.9,MISSED
static,stereo_ir,-0.05,True,True,0,right,False,nan,nan,22.1,-0.3,False,False,207.8,MISSED
static,stereo_ir,0.05,True,True,0,left,False,nan,nan,19.5,-0.3,False,False,230.0,MISSED
static,stereo_ir,0.15,True,True,0,left,False,nan,nan,25.5,-0.3,False,False,307.0,MISSED
static,stereo_ir,0.25,True,True,0,,False,nan,nan,nan,-0.3,False,False,307.0,WAIT
moving,gt,0.03,True,True,0,right,True,3.45,8.0,0.0,117.3,True,False,306.9,DONE
moving,gt,0.05,True,True,0,right,True,3.45,7.2,0.0,106.5,True,False,306.9,DONE
moving,gt,0.07,True,True,0,right,True,3.4,7.7,0.0,118.2,True,False,271.8,DONE
moving,median,0.03,True,True,0,right,False,3.6,54.7,40.4,-825.7,False,True,307.0,RETREAT
moving,median,0.05,True,True,0,right,False,3.5,52.7,39.5,-825.7,False,True,307.0,RETREAT
moving,median,0.07,True,True,0,right,False,3.5,49.7,38.3,-825.8,False,True,269.3,RETREAT
moving,median+R,0.03,True,True,0,right,False,nan,nan,42.1,-0.6,False,False,307.0,MISSED
moving,median+R,0.05,True,True,0,right,False,3.45,46.8,22.4,-366.6,False,True,306.9,RETREAT
moving,median+R,0.07,True,True,0,right,True,5.25,50.1,36.1,210.4,True,False,218.5,DONE
moving,sphere,0.03,True,True,0,right,True,3.45,14.0,5.1,222.5,True,False,306.9,DONE
moving,sphere,0.05,True,True,0,right,True,3.5,8.4,3.8,240.8,True,False,305.9,DONE
moving,sphere,0.07,True,True,0,right,True,3.45,6.7,4.2,244.6,True,False,252.6,DONE
moving,stereo_ir,0.03,True,True,0,right,False,3.65,14.2,12.4,245.2,True,False,296.6,FAILED
moving,stereo_ir,0.05,True,True,0,right,False,nan,nan,18.9,-0.3,False,False,223.7,MISSED
moving,stereo_ir,0.07,True,True,0,right,False,nan,nan,23.7,-0.3,False,False,207.0,MISSED
